"MIM","adjMIM","ppmDrift","RT","adjRT","massUnModPep","adductMass","precursorCharge","MS2FileName","plotURL","peptide","precursorScanNum","MS2ScanNum","TIC","dotProdScore","meanSNRFixed","SNRFixed","meanSNRVar","SNRVar","nFixedIons","nVarIons","fixedDetected","varDetected","fixedIonIdx","varIonIdx","relIntBPScore","propEx","msPrecursor_group","propExScore","nFixVarScore","consecIonsScore","meanSNRScore","MSMSgroup_freq","freqDetScore","idScore","MSMSgroup_averageMIM","ppmRange_minMaxGroup","ppmDiff_groupMean","MSMSgroup_averageAdjRT","rtRange_minMaxGroup","MSMSgroup_averageAdductMass","MSMSgroup_plot","MSMSGroups_possFormulae","MSMSGroupsName"
951.101684570313,951.101684570313,NA,20.4376666666667,20.441039833937,811.7593558149,417.019161226239,3,"data01_1.mzXML","/Users/medjlha/Box Sync/Postdoc_UCB/packages/adductomicsR after specSimPep B4 git/inst/extdata/data01_1_adductID/ALVLIAFAQYLQQCPFEDHVK/data01_1.mzXML scan 4024 M951.1017_RT20.44 dp 0.87 varPeakDet 5.png","ALVLIAFAQYLQQCPFEDHVK",4013,4024,656303.3125,0.868616776795639,4.61,"3.51; 3.32; 5.12; 7.17; 4.01; 4.53",12.77,"7.93; 4.69; 22.28; 17.94; 11.02",12,5,"","[y13]2+; [y14]2+; [y15]2+; [y16]2+; [y17]2+","8; 69; 154; 886; 1037; 1072","664; 700; 779; 814; 871",0.417806542998529,0.0618732606456471,4,0.121556774384269,0.548387096774194,0.571428571428571,0.0946984144281589,1,0.25,0.410356310972766,951.101684570313,0,0,20.441039833937,"0",417.019161226239,"/Users/medjlha/Box Sync/Postdoc_UCB/packages/adductomicsR after specSimPep B4 git/inst/extdata/spectrumGroups_ALVLIAFAQYLQQCPFEDHVK//spectrumGroup_4_1_M951.102RT20.44.png","","M951.1017_RT20.44_n1"
761.730041503906,761.730041503906,NA,20.5266666666667,20.5299918498352,811.7593558149,-151.095767972982,3,"data01_1.mzXML","/Users/medjlha/Box Sync/Postdoc_UCB/packages/adductomicsR after specSimPep B4 git/inst/extdata/data01_1_adductID/ALVLIAFAQYLQQCPFEDHVK/data01_1.mzXML scan 4046 M761.73_RT20.53 dp 0.83 varPeakDet 3.png","ALVLIAFAQYLQQCPFEDHVK",4045,4046,166625200,0.83119714786616,10.66,"15.56; 12.35; 4.06",46.59,"81.9; 31.64; 26.24",6,3,"","[y16]2+; [y17]2+; [y18]2+","196; 330; 618","213; 259; 313",0.514708808442359,0.0661738063199278,6,0.130005665792331,0.290322580645161,0.285714285714286,0.311938102762491,3,0.75,0.444840941603255,761.730285644531,2.4,-0.32,20.5411786021707,"0.06",-151.095035551106,"/Users/medjlha/Box Sync/Postdoc_UCB/packages/adductomicsR after specSimPep B4 git/inst/extdata/spectrumGroups_ALVLIAFAQYLQQCPFEDHVK//spectrumGroup_6_1_M761.73RT20.54.png","","M761.7303_RT20.54_n3"
761.731323242188,761.731323242188,NA,20.5195,20.5161722370494,811.7593558149,-151.091922758136,3,"data01_2.mzXML","/Users/medjlha/Box Sync/Postdoc_UCB/packages/adductomicsR after specSimPep B4 git/inst/extdata/data01_2_adductID/ALVLIAFAQYLQQCPFEDHVK/data01_2.mzXML scan 3618 M761.7313_RT20.52 dp 0.82 varPeakDet 3.png","ALVLIAFAQYLQQCPFEDHVK",3616,3618,25434866,0.824700626448781,6.87,"11.28; 6.1; 5.21; 4.87",47.35,"73.3; 48.95; 19.79",8,3,"","[y16]2+; [y17]2+; [y18]2+","199; 342; 648; 771","215; 270; 320",0.465745352627053,0.0668902933041847,6,0.131413282681852,0.354838709677419,0.285714285714286,0.29542854029314,3,0.75,0.443977256777504,761.730285644531,2.4,1.36,20.5411786021707,"0.06",-151.095035551106,"/Users/medjlha/Box Sync/Postdoc_UCB/packages/adductomicsR after specSimPep B4 git/inst/extdata/spectrumGroups_ALVLIAFAQYLQQCPFEDHVK//spectrumGroup_6_1_M761.73RT20.54.png","","M761.7303_RT20.54_n3"
761.7294921875,761.7294921875,NA,20.5806666666667,20.5773717196274,811.7593558149,-151.0974159222,3,"data01_2.mzXML","/Users/medjlha/Box Sync/Postdoc_UCB/packages/adductomicsR after specSimPep B4 git/inst/extdata/data01_2_adductID/ALVLIAFAQYLQQCPFEDHVK/data01_2.mzXML scan 3633 M761.7295_RT20.58 dp 0.81 varPeakDet 3.png","ALVLIAFAQYLQQCPFEDHVK",3632,3633,167996992,0.810758694326626,6.79,"10.94; 5.82; 3.6",41.68,"56.58; 48.34; 20.11",6,3,"","[y16]2+; [y17]2+; [y18]2+","194; 329; 643","210; 261; 312",0.487465229831478,0.0701750057617821,6,0.137866458851314,0.290322580645161,0.285714285714286,0.264098512504768,3,0.75,0.432317965981948,761.730285644531,2.4,-1.04,20.5411786021707,"0.06",-151.095035551106,"/Users/medjlha/Box Sync/Postdoc_UCB/packages/adductomicsR after specSimPep B4 git/inst/extdata/spectrumGroups_ALVLIAFAQYLQQCPFEDHVK//spectrumGroup_6_1_M761.73RT20.54.png","","M761.7303_RT20.54_n3"
942.129211425781,942.129211425781,NA,21.0165,21.0195411827001,811.7593558149,390.101741792643,3,"data01_1.mzXML","/Users/medjlha/Box Sync/Postdoc_UCB/packages/adductomicsR after specSimPep B4 git/inst/extdata/data01_1_adductID/ALVLIAFAQYLQQCPFEDHVK/data01_1.mzXML scan 4175 M942.1292_RT21.02 dp 0.84 varPeakDet 4.png","ALVLIAFAQYLQQCPFEDHVK",4173,4175,965322.75,0.83563091164949,20.44,"28.18; 21.1; 23.79; 5.61; 4.75; 3.66; 72.37; 4.09",103.2,"14.33; 208.91; 119.39; 70.19",16,4,"","[y15]2+; [y16]2+; [y17]2+; [y18]2+","12; 85; 229; 353; 422; 683; 906; 1074","769; 801; 851; 906",1,0.197665130762293,12,0.388334725743913,0.645161290322581,0.428571428571429,0.673677327957282,3,0.75,0.674482240606385,942.128153483073,2.27,1.12,21.0115365340267,"0.06",390.098567964519,"/Users/medjlha/Box Sync/Postdoc_UCB/packages/adductomicsR after specSimPep B4 git/inst/extdata/spectrumGroups_ALVLIAFAQYLQQCPFEDHVK//spectrumGroup_12_1_M942.128RT21.01.png","","M942.1282_RT21.01_n3"
942.128173828125,942.128173828125,NA,20.9825,20.9794338757197,811.7593558149,390.098628999675,3,"data01_2.mzXML","/Users/medjlha/Box Sync/Postdoc_UCB/packages/adductomicsR after specSimPep B4 git/inst/extdata/data01_2_adductID/ALVLIAFAQYLQQCPFEDHVK/data01_2.mzXML scan 3734 M942.1282_RT20.98 dp 0.85 varPeakDet 5.png","ALVLIAFAQYLQQCPFEDHVK",3728,3734,668047.125,0.849617075391455,15.87,"28.21; 26.43; 3.96; 26.02; 3.75; 7.24; 27.87; 3.45",57.31,"12.25; 113.87; 75.28; 27.83",16,4,"","[y15]2+; [y16]2+; [y17]2+; [y18]2+","5; 72; 158; 200; 353; 726; 831; 970","702; 735; 784; 831",1,0.149972917047476,12,0.294638166003512,0.645161290322581,0.428571428571429,0.398735901487495,3,0.75,0.623817694539496,942.128153483073,2.27,0.02,21.0115365340267,"0.06",390.098567964519,"/Users/medjlha/Box Sync/Postdoc_UCB/packages/adductomicsR after specSimPep B4 git/inst/extdata/spectrumGroups_ALVLIAFAQYLQQCPFEDHVK//spectrumGroup_12_1_M942.128RT21.01.png","","M942.1282_RT21.01_n3"
942.127075195313,942.127075195313,NA,21.0386666666667,21.0356345436603,811.7593558149,390.095333101239,3,"data01_2.mzXML","/Users/medjlha/Box Sync/Postdoc_UCB/packages/adductomicsR after specSimPep B4 git/inst/extdata/data01_2_adductID/ALVLIAFAQYLQQCPFEDHVK/data01_2.mzXML scan 3745 M942.1271_RT21.04 dp 0.87 varPeakDet 5.png","ALVLIAFAQYLQQCPFEDHVK",3744,3745,1430008.75,0.867123550277191,25.79,"44.4; 39.03; 6.32; 31.62; 7.47; 4.33; 68.81; 4.33",74.26,"4.04; 32.42; 178.77; 88.09; 68",16,5,"","[y13]2+; [y15]2+; [y16]2+; [y17]2+; [y18]2+","5; 78; 166; 218; 390; 640; 866; 960","623; 729; 764; 819; 866",1,0.18788113856447,12,0.369113005088533,0.67741935483871,0.428571428571429,0.545142483517681,3,0.75,0.662481403184792,942.128153483073,2.27,-1.14,21.0115365340267,"0.06",390.098567964519,"/Users/medjlha/Box Sync/Postdoc_UCB/packages/adductomicsR after specSimPep B4 git/inst/extdata/spectrumGroups_ALVLIAFAQYLQQCPFEDHVK//spectrumGroup_12_1_M942.128RT21.01.png","","M942.1282_RT21.01_n3"
893.082214355469,893.082214355469,NA,21.1161666666667,21.1131823345311,811.7593558149,242.960750581707,3,"data01_2.mzXML","/Users/medjlha/Box Sync/Postdoc_UCB/packages/adductomicsR after specSimPep B4 git/inst/extdata/data01_2_adductID/ALVLIAFAQYLQQCPFEDHVK/data01_2.mzXML scan 3764 M893.0822_RT21.12 dp 0.86 varPeakDet 5.png","ALVLIAFAQYLQQCPFEDHVK",3760,3764,334717.0625,0.861680665177224,6.21,"9.91; 3.55; 8.86; 3.32; 8.57; 3.04",11.41,"7.19; 23.27; 9.38; 5.82",12,4,"","[y13]2+; [y16]2+; [y17]2+; [y18]2+","18; 103; 256; 730; 851; 967","493; 615; 670; 728",0.257473490525966,0.059962018310937,13,0.117801930193908,0.516129032258065,0.285714285714286,0.0960061025445431,1,0.75,0.412115072344856,893.082214355469,0,0,21.1131823345311,"0",242.960750581707,"/Users/medjlha/Box Sync/Postdoc_UCB/packages/adductomicsR after specSimPep B4 git/inst/extdata/spectrumGroups_ALVLIAFAQYLQQCPFEDHVK//spectrumGroup_13_1_M893.082RT21.11.png","","M893.0822_RT21.11_n1"
756.058471679688,756.058471679688,NA,21.1508333333333,21.1537899068094,811.7593558149,-168.110477445636,3,"data01_1.mzXML","/Users/medjlha/Box Sync/Postdoc_UCB/packages/adductomicsR after specSimPep B4 git/inst/extdata/data01_1_adductID/ALVLIAFAQYLQQCPFEDHVK/data01_1.mzXML scan 4209 M756.0585_RT21.15 dp 0.84 varPeakDet 3.png","ALVLIAFAQYLQQCPFEDHVK",4205,4209,816067.9375,0.835121557605733,4.37,"5.3; 4.03; 3.77",18.25,"27.09; 13.52; 14.14",6,3,"","[y16]2+; [y17]2+; [y18]2+","216; 505; 773","233; 286; 339",0.488909635038006,0.0449061461991545,15,0.0882230259895257,0.290322580645161,0.285714285714286,0.123249604969215,3,0.75,0.408791527137418,756.056742350261,3.55,2.29,21.3840333281515,"0.36",-168.115665433918,"/Users/medjlha/Box Sync/Postdoc_UCB/packages/adductomicsR after specSimPep B4 git/inst/extdata/spectrumGroups_ALVLIAFAQYLQQCPFEDHVK//spectrumGroup_15_1_M756.057RT21.38.png","","M756.0567_RT21.38_n3"
756.055969238281,756.055969238281,NA,21.5083333333333,21.5110488122088,811.7593558149,-168.117984769857,3,"data01_1.mzXML","/Users/medjlha/Box Sync/Postdoc_UCB/packages/adductomicsR after specSimPep B4 git/inst/extdata/data01_1_adductID/ALVLIAFAQYLQQCPFEDHVK/data01_1.mzXML scan 4300 M756.056_RT21.51 dp 0.83 varPeakDet 3.png","ALVLIAFAQYLQQCPFEDHVK",4299,4300,2547266.5,0.825160804499179,9.14,"12.26; 6.19; 8.97",42.61,"77; 26.05; 24.78",6,3,"","[y16]2+; [y17]2+; [y18]2+","133; 388; 523","147; 186; 235",0.616578489314949,0.0815179679871004,15,0.16015094629685,0.290322580645161,0.285714285714286,0.281970250095352,3,0.75,0.458556765223682,756.056742350261,3.55,-1.02,21.3840333281515,"0.36",-168.115665433918,"/Users/medjlha/Box Sync/Postdoc_UCB/packages/adductomicsR after specSimPep B4 git/inst/extdata/spectrumGroups_ALVLIAFAQYLQQCPFEDHVK//spectrumGroup_15_1_M756.057RT21.38.png","","M756.0567_RT21.38_n3"
756.055786132813,756.055786132813,NA,21.49,21.4872612654363,811.7593558149,-168.118534086261,3,"data01_2.mzXML","/Users/medjlha/Box Sync/Postdoc_UCB/packages/adductomicsR after specSimPep B4 git/inst/extdata/data01_2_adductID/ALVLIAFAQYLQQCPFEDHVK/data01_2.mzXML scan 3857 M756.0558_RT21.49 dp 0.83 varPeakDet 3.png","ALVLIAFAQYLQQCPFEDHVK",3856,3857,4568415.5,0.829190425993641,8.64,"9.55; 4.39; 11.98",50.36,"80.29; 32.4; 38.38",6,3,"","[y16]2+; [y17]2+; [y18]2+","170; 439; 580","183; 232; 280",0.585151046060289,0.0802270840805074,15,0.157614863954452,0.290322580645161,0.285714285714286,0.321473328611126,3,0.75,0.459923790139851,756.056742350261,3.55,-1.26,21.3840333281515,"0.36",-168.115665433918,"/Users/medjlha/Box Sync/Postdoc_UCB/packages/adductomicsR after specSimPep B4 git/inst/extdata/spectrumGroups_ALVLIAFAQYLQQCPFEDHVK//spectrumGroup_15_1_M756.057RT21.38.png","","M756.0567_RT21.38_n3"
942.460632324219,942.460632324219,NA,21.3686666666667,21.3714791827904,811.7593558149,391.096004487957,3,"data01_1.mzXML","/Users/medjlha/Box Sync/Postdoc_UCB/packages/adductomicsR after specSimPep B4 git/inst/extdata/data01_1_adductID/ALVLIAFAQYLQQCPFEDHVK/data01_1.mzXML scan 4266 M942.4606_RT21.37 dp 0.85 varPeakDet 6.png","ALVLIAFAQYLQQCPFEDHVK",4253,4266,99815.3515625,0.846037253030749,7.66,"6.52; 10.16; 6.72; 3.31; 4.68; 14.58",23.21,"5.49; 53.29; 19.25; 14.82",12,4,"","[y15]2+; [y16]2+; [y17]2+; [y18]2+","6; 46; 149; 244; 581; 655","564; 587; 620; 655",1,0.105338995259217,20,0.206949954584155,0.516129032258065,0.428571428571429,0.168201383969923,1,0.25,0.487984150344903,942.460632324219,0,0,21.3714791827904,"0",391.096004487957,"/Users/medjlha/Box Sync/Postdoc_UCB/packages/adductomicsR after specSimPep B4 git/inst/extdata/spectrumGroups_ALVLIAFAQYLQQCPFEDHVK//spectrumGroup_20_1_M942.461RT21.37.png","","M942.4606_RT21.37_n1"
786.756103515625,786.756103515625,NA,21.4076666666667,21.410452460203,811.7593558149,-76.0175819378251,3,"data01_1.mzXML","/Users/medjlha/Box Sync/Postdoc_UCB/packages/adductomicsR after specSimPep B4 git/inst/extdata/data01_1_adductID/ALVLIAFAQYLQQCPFEDHVK/data01_1.mzXML scan 4275 M786.7561_RT21.41 dp 0.96 varPeakDet 5.png","ALVLIAFAQYLQQCPFEDHVK",4268,4275,150087.140625,0.95548057387983,5.59,"3.14; 9.8; 3.83",7.11,"5.73; 10.05; 5.55",6,3,"","[y15]2+; [y16]2+; [y17]2+","68; 312; 665","335; 347; 392",0.971456067804319,0.0409100596688334,21,0.0803722778033554,0.290322580645161,0.285714285714286,0.0691984961586661,1,0.25,0.41464918314366,786.756103515625,0,0,21.410452460203,"0",-76.0175819378251,"/Users/medjlha/Box Sync/Postdoc_UCB/packages/adductomicsR after specSimPep B4 git/inst/extdata/spectrumGroups_ALVLIAFAQYLQQCPFEDHVK//spectrumGroup_21_1_M786.756RT21.41.png","","M786.7561_RT21.41_n1"
773.730590820313,773.730590820313,NA,22.0128333333333,22.0151670003969,811.7593558149,-115.094120023761,3,"data01_1.mzXML","/Users/medjlha/Box Sync/Postdoc_UCB/packages/adductomicsR after specSimPep B4 git/inst/extdata/data01_1_adductID/ALVLIAFAQYLQQCPFEDHVK/data01_1.mzXML scan 4431 M773.7306_RT22.01 dp 0.84 varPeakDet 4.png","ALVLIAFAQYLQQCPFEDHVK",4425,4431,308750.1875,0.836247839568034,47.02,"17.43; 119.85; 3.77",11.57,"6.6; 17.26; 10.83",6,3,"","[y15]2+; [y16]2+; [y18]2+","253; 381; 492","223; 253; 318",1,0.187899183871259,34,0.369148457063476,0.290322580645161,0.142857142857143,0.319239361412303,3,0.75,0.529687911649445,773.730570475261,1.03,0.03,22.0521085935299,"0.06",-115.094181058918,"/Users/medjlha/Box Sync/Postdoc_UCB/packages/adductomicsR after specSimPep B4 git/inst/extdata/spectrumGroups_ALVLIAFAQYLQQCPFEDHVK//spectrumGroup_34_1_M773.731RT22.05.png","","M773.7306_RT22.05_n3"
773.73095703125,773.73095703125,NA,22.0641666666667,22.0664587169401,811.7593558149,-115.09302139095,3,"data01_1.mzXML","/Users/medjlha/Box Sync/Postdoc_UCB/packages/adductomicsR after specSimPep B4 git/inst/extdata/data01_1_adductID/ALVLIAFAQYLQQCPFEDHVK/data01_1.mzXML scan 4444 M773.731_RT22.06 dp 0.91 varPeakDet 6.png","ALVLIAFAQYLQQCPFEDHVK",4441,4444,712041.6875,0.913024706840991,38.43,"16.03; 94.74; 4.52",13.24,"3.17; 4.02; 24.4; 17.33; 19.43; 11.07",6,6,"","[y13]2+; [y14]2+; [y15]2+; [y16]2+; [y17]2+; [y18]2+","339; 485; 630","391; 421; 486; 520; 574; 623",1,0.195021958314359,34,0.383141924951464,0.387096774193548,0.714285714285714,0.281534354056558,3,0.75,0.632726210618325,773.730570475261,1.03,0.5,22.0521085935299,"0.06",-115.094181058918,"/Users/medjlha/Box Sync/Postdoc_UCB/packages/adductomicsR after specSimPep B4 git/inst/extdata/spectrumGroups_ALVLIAFAQYLQQCPFEDHVK//spectrumGroup_34_1_M773.731RT22.05.png","","M773.7306_RT22.05_n3"
773.730163574219,773.730163574219,NA,22.077,22.0747000632526,811.7593558149,-115.095401762043,3,"data01_2.mzXML","/Users/medjlha/Box Sync/Postdoc_UCB/packages/adductomicsR after specSimPep B4 git/inst/extdata/data01_2_adductID/ALVLIAFAQYLQQCPFEDHVK/data01_2.mzXML scan 3992 M773.7302_RT22.08 dp 0.83 varPeakDet 5.png","ALVLIAFAQYLQQCPFEDHVK",3991,3992,647457.6875,0.829575107270249,56.24,"16.31; 148.41; 3.99",23.64,"4.5; 37.11; 29.32",6,3,"","[y15]2+; [y16]2+; [y17]2+","344; 495; 639","554; 586; 631",1,0.207869190313784,34,0.408381714568504,0.290322580645161,0.285714285714286,0.435242194736555,3,0.75,0.571319411847822,773.730570475261,1.03,-0.53,22.0521085935299,"0.06",-115.094181058918,"/Users/medjlha/Box Sync/Postdoc_UCB/packages/adductomicsR after specSimPep B4 git/inst/extdata/spectrumGroups_ALVLIAFAQYLQQCPFEDHVK//spectrumGroup_34_1_M773.731RT22.05.png","","M773.7306_RT22.05_n3"
843.085021972656,843.085021972656,NA,22.1555,22.1577167271559,811.7593558149,92.969173433268,3,"data01_1.mzXML","/Users/medjlha/Box Sync/Postdoc_UCB/packages/adductomicsR after specSimPep B4 git/inst/extdata/data01_1_adductID/ALVLIAFAQYLQQCPFEDHVK/data01_1.mzXML scan 4469 M843.085_RT22.16 dp 0.84 varPeakDet 3.png","ALVLIAFAQYLQQCPFEDHVK",4457,4469,607015.25,0.841448594171716,6.24,"7.83; 9.18; 5.25; 8.28; 3.26; 3.64",17.01,"17.29; 14.18; 19.57",12,3,"","[y16]2+; [y17]2+; [y18]2+","37; 223; 440; 515; 609; 777","769; 822; 874",0.929706119927185,0.0533197062310187,37,0.104752383063805,0.483870967741935,0.285714285714286,0.126682286274723,1,0.5,0.467453519556236,843.085021972656,0,0,22.1577167271559,"0",92.969173433268,"/Users/medjlha/Box Sync/Postdoc_UCB/packages/adductomicsR after specSimPep B4 git/inst/extdata/spectrumGroups_ALVLIAFAQYLQQCPFEDHVK//spectrumGroup_37_1_M843.085RT22.16.png","","M843.085_RT22.16_n1"
865.08642578125,865.08642578125,NA,22.1881666666667,22.190356053444,811.7593558149,158.97338485905,3,"data01_1.mzXML","/Users/medjlha/Box Sync/Postdoc_UCB/packages/adductomicsR after specSimPep B4 git/inst/extdata/data01_1_adductID/ALVLIAFAQYLQQCPFEDHVK/data01_1.mzXML scan 4476 M865.0864_RT22.19 dp 0.93 varPeakDet 4.png","ALVLIAFAQYLQQCPFEDHVK",4473,4476,1504569.125,0.930704129588843,20.49,"6.35; 6.1; 12.03; 4.84; 12.84; 80.77",32.72,"32.97; 32.97; 42.79; 22.16",12,4,"","[y15]2+; [y16]2+; [y17]2+; [y18]2+","20; 102; 189; 253; 467; 957","752; 786; 833; 873",0.72606107481858,0.0961337232377685,38,0.188865192886118,0.516129032258065,0.428571428571429,0.289925352803356,1,0.25,0.475750887275199,865.08642578125,0,0,22.190356053444,"0",158.97338485905,"/Users/medjlha/Box Sync/Postdoc_UCB/packages/adductomicsR after specSimPep B4 git/inst/extdata/spectrumGroups_ALVLIAFAQYLQQCPFEDHVK//spectrumGroup_38_1_M865.086RT22.19.png","","M865.0864_RT22.19_n1"
809.400695800781,809.400695800781,NA,22.2516666666667,22.2538022989728,811.7593558149,-8.083805082357,3,"data01_1.mzXML","/Users/medjlha/Box Sync/Postdoc_UCB/packages/adductomicsR after specSimPep B4 git/inst/extdata/data01_1_adductID/ALVLIAFAQYLQQCPFEDHVK/data01_1.mzXML scan 4493 M809.4007_RT22.25 dp 0.83 varPeakDet 4.png","ALVLIAFAQYLQQCPFEDHVK",4489,4493,940825.375,0.833364208570168,7.76,"15.95; 8.3; 3.73; 3.06",14.99,"6.81; 28.74; 18.99; 5.42",8,4,"","[y14]2+; [y16]2+; [y17]2+; [y18]2+","43; 320; 646; 990","234; 343; 399; 458",0.74205912845952,0.0509218803087409,40,0.100041592302083,0.387096774193548,0.285714285714286,0.123957936032256,3,0.75,0.460319132181695,809.40028889974,0.75,0.5,22.2486055791716,"0.06",-8.08502578548109,"/Users/medjlha/Box Sync/Postdoc_UCB/packages/adductomicsR after specSimPep B4 git/inst/extdata/spectrumGroups_ALVLIAFAQYLQQCPFEDHVK//spectrumGroup_40_1_M809.4RT22.25.png","","M809.4003_RT22.25_n3"
809.400085449219,809.400085449219,NA,22.2191666666667,22.2169829451628,811.7593558149,-8.08563613704314,3,"data01_2.mzXML","/Users/medjlha/Box Sync/Postdoc_UCB/packages/adductomicsR after specSimPep B4 git/inst/extdata/data01_2_adductID/ALVLIAFAQYLQQCPFEDHVK/data01_2.mzXML scan 4028 M809.4001_RT22.22 dp 0.81 varPeakDet 4.png","ALVLIAFAQYLQQCPFEDHVK",4023,4028,680743.75,0.814103087019201,7.1,"15.01; 6.33; 3.57; 4.24; 6.37",20.59,"6.99; 43.8; 26.83; 4.75",10,4,"","[y14]2+; [y16]2+; [y17]2+; [y18]2+","45; 315; 636; 1064; 1151","232; 337; 392; 452",1,0.0579881098573113,40,0.113923971572546,0.451612903225806,0.285714285714286,0.150874516427832,3,0.75,0.509461251994239,809.40028889974,0.75,-0.25,22.2486055791716,"0.06",-8.08502578548109,"/Users/medjlha/Box Sync/Postdoc_UCB/packages/adductomicsR after specSimPep B4 git/inst/extdata/spectrumGroups_ALVLIAFAQYLQQCPFEDHVK//spectrumGroup_40_1_M809.4RT22.25.png","","M809.4003_RT22.25_n3"
809.400085449219,809.400085449219,NA,22.2771666666667,22.2750314933794,811.7593558149,-8.08563613704314,3,"data01_2.mzXML","/Users/medjlha/Box Sync/Postdoc_UCB/packages/adductomicsR after specSimPep B4 git/inst/extdata/data01_2_adductID/ALVLIAFAQYLQQCPFEDHVK/data01_2.mzXML scan 4043 M809.4001_RT22.28 dp 0.82 varPeakDet 4.png","ALVLIAFAQYLQQCPFEDHVK",4039,4043,576791.5625,0.817233462209123,6.75,"13.6; 3.23; 6.81; 3.34",14.52,"28.77; 21.51; 4.44; 3.35",8,4,"","[y16]2+; [y17]2+; [y18]2+; [y19]2+","41; 127; 298; 939","322; 379; 435; 480",0.763178107358102,0.0480239924657282,40,0.094348375312253,0.387096774193548,0.428571428571429,0.115893859314553,3,0.75,0.479474572422716,809.40028889974,0.75,-0.25,22.2486055791716,"0.06",-8.08502578548109,"/Users/medjlha/Box Sync/Postdoc_UCB/packages/adductomicsR after specSimPep B4 git/inst/extdata/spectrumGroups_ALVLIAFAQYLQQCPFEDHVK//spectrumGroup_40_1_M809.4RT22.25.png","","M809.4003_RT22.25_n3"
809.400817871094,809.400817871094,NA,22.8388333333333,22.8404325775875,811.7593558149,-8.08343887141814,3,"data01_1.mzXML","/Users/medjlha/Box Sync/Postdoc_UCB/packages/adductomicsR after specSimPep B4 git/inst/extdata/data01_1_adductID/ALVLIAFAQYLQQCPFEDHVK/data01_1.mzXML scan 4639 M809.4008_RT22.84 dp 0.83 varPeakDet 4.png","ALVLIAFAQYLQQCPFEDHVK",4633,4639,867598.9375,0.832053653280823,6.38,"12.66; 3.57; 7.33; 5.01; 3.34",15.56,"31.38; 21.06; 5.29; 4.5",10,4,"","[y16]2+; [y17]2+; [y18]2+; [y19]2+","39; 239; 318; 630; 1048","342; 397; 453; 498",0.800499703906319,0.0516848259149755,40,0.101540482225724,0.451612903225806,0.428571428571429,0.119544488639459,4,1,0.533403237121366,809.401168823242,1.28,-0.43,22.8930903780359,"0.1",-8.08238601497334,"/Users/medjlha/Box Sync/Postdoc_UCB/packages/adductomicsR after specSimPep B4 git/inst/extdata/spectrumGroups_ALVLIAFAQYLQQCPFEDHVK//spectrumGroup_40_2_M809.401RT22.89.png","","M809.4012_RT22.89_n4"
809.40087890625,809.40087890625,NA,22.9008333333333,22.9023716550399,811.7593558149,-8.08325576595007,3,"data01_1.mzXML","/Users/medjlha/Box Sync/Postdoc_UCB/packages/adductomicsR after specSimPep B4 git/inst/extdata/data01_1_adductID/ALVLIAFAQYLQQCPFEDHVK/data01_1.mzXML scan 4656 M809.4009_RT22.9 dp 0.82 varPeakDet 5.png","ALVLIAFAQYLQQCPFEDHVK",4649,4656,408720.8125,0.823685856337782,6.18,"12.61; 5.16; 3.89; 3.08",24.76,"9.03; 65.42; 38.23; 5.71; 5.39",8,5,"","[y14]2+; [y16]2+; [y17]2+; [y18]2+; [y19]2+","47; 334; 666; 830","246; 358; 415; 474; 523",1,0.0801274428063569,40,0.157419107794927,0.419354838709677,0.428571428571429,0.168582793003869,4,1,0.571087717773955,809.401168823242,1.28,-0.36,22.8930903780359,"0.1",-8.08238601497334,"/Users/medjlha/Box Sync/Postdoc_UCB/packages/adductomicsR after specSimPep B4 git/inst/extdata/spectrumGroups_ALVLIAFAQYLQQCPFEDHVK//spectrumGroup_40_2_M809.401RT22.89.png","","M809.4012_RT22.89_n4"
809.40185546875,809.40185546875,NA,22.8876666666667,22.8860840159267,811.7593558149,-8.08032607845007,3,"data01_2.mzXML","/Users/medjlha/Box Sync/Postdoc_UCB/packages/adductomicsR after specSimPep B4 git/inst/extdata/data01_2_adductID/ALVLIAFAQYLQQCPFEDHVK/data01_2.mzXML scan 4179 M809.4019_RT22.89 dp 0.83 varPeakDet 5.png","ALVLIAFAQYLQQCPFEDHVK",4170,4179,645754.0625,0.828457847312305,6.16,"12.48; 3.22; 5.27; 3.66",16.6,"6.49; 44.11; 25; 4.06; 3.33",8,5,"","[y14]2+; [y16]2+; [y17]2+; [y18]2+; [y19]2+","34; 227; 295; 611","217; 318; 373; 432; 478",1,0.0583256451201515,40,0.114587096440439,0.419354838709677,0.428571428571429,0.124012423037106,4,1,0.559283376295851,809.401168823242,1.28,0.85,22.8930903780359,"0.1",-8.08238601497334,"/Users/medjlha/Box Sync/Postdoc_UCB/packages/adductomicsR after specSimPep B4 git/inst/extdata/spectrumGroups_ALVLIAFAQYLQQCPFEDHVK//spectrumGroup_40_2_M809.401RT22.89.png","","M809.4012_RT22.89_n4"
809.401123046875,809.401123046875,NA,22.945,22.9434732635895,811.7593558149,-8.08252334407507,3,"data01_2.mzXML","/Users/medjlha/Box Sync/Postdoc_UCB/packages/adductomicsR after specSimPep B4 git/inst/extdata/data01_2_adductID/ALVLIAFAQYLQQCPFEDHVK/data01_2.mzXML scan 4192 M809.4011_RT22.95 dp 0.82 varPeakDet 4.png","ALVLIAFAQYLQQCPFEDHVK",4186,4192,420022.5,0.820973230031598,5.88,"9.14; 3.06; 6.88; 4.42",16.37,"5.61; 29.05; 14.45",8,3,"","[y14]2+; [y16]2+; [y17]2+","34; 122; 290; 598","211; 312; 365",0.854334019018592,0.0434429744209994,40,0.0853484653171663,0.354838709677419,0.142857142857143,0.121233585789789,4,1,0.482797878955958,809.401168823242,1.28,-0.06,22.8930903780359,"0.1",-8.08238601497334,"/Users/medjlha/Box Sync/Postdoc_UCB/packages/adductomicsR after specSimPep B4 git/inst/extdata/spectrumGroups_ALVLIAFAQYLQQCPFEDHVK//spectrumGroup_40_2_M809.401RT22.89.png","","M809.4012_RT22.89_n4"
846.755981445313,846.755981445313,NA,22.3773333333333,22.3793601920597,811.7593558149,103.982051851239,3,"data01_1.mzXML","/Users/medjlha/Box Sync/Postdoc_UCB/packages/adductomicsR after specSimPep B4 git/inst/extdata/data01_1_adductID/ALVLIAFAQYLQQCPFEDHVK/data01_1.mzXML scan 4524 M846.756_RT22.38 dp 0.87 varPeakDet 4.png","ALVLIAFAQYLQQCPFEDHVK",4521,4524,456126.34375,0.87305426074573,24.5,"5.01; 5.67; 76.61; 10.72",31.4,"3.04; 17.24; 58.87; 46.44",8,4,"","[y13]2+; [y15]2+; [y16]2+; [y17]2+","22; 164; 366; 437","565; 680; 714; 764",1,0.146453227070092,42,0.287723350847193,0.387096774193548,0.285714285714286,0.30458235710783,1,0.25,0.48402443265837,846.755981445313,0,0,22.3793601920597,"0",103.982051851239,"/Users/medjlha/Box Sync/Postdoc_UCB/packages/adductomicsR after specSimPep B4 git/inst/extdata/spectrumGroups_ALVLIAFAQYLQQCPFEDHVK//spectrumGroup_42_1_M846.756RT22.38.png","","M846.756_RT22.38_n1"
943.121887207031,943.121887207031,NA,22.5163333333333,22.5182361152174,811.7593558149,393.079769136393,3,"data01_1.mzXML","/Users/medjlha/Box Sync/Postdoc_UCB/packages/adductomicsR after specSimPep B4 git/inst/extdata/data01_1_adductID/ALVLIAFAQYLQQCPFEDHVK/data01_1.mzXML scan 4556 M943.1219_RT22.52 dp 0.84 varPeakDet 6.png","ALVLIAFAQYLQQCPFEDHVK",4553,4556,1676656.5,0.839068375171411,6.59,"14.62; 4.81; 9.17; 3.76; 3.63; 3.58",57.54,"3.81; 116.73; 53; 56.62",12,4,"","[y13]2+; [y16]2+; [y17]2+; [y18]2+","50; 102; 217; 562; 647; 735","402; 515; 560; 602",0.112912022918274,0.086857843175312,45,0.17064171398422,0.516129032258065,0.285714285714286,0.349425162098839,3,1,0.467698656020728,943.121988932292,0.26,-0.11,22.560294947223,"0.07",393.080074312175,"/Users/medjlha/Box Sync/Postdoc_UCB/packages/adductomicsR after specSimPep B4 git/inst/extdata/spectrumGroups_ALVLIAFAQYLQQCPFEDHVK//spectrumGroup_45_1_M943.122RT22.56.png","","M943.122_RT22.56_n3"
943.121948242188,943.121948242188,NA,22.5768333333333,22.5786808571537,811.7593558149,393.079952241864,3,"data01_1.mzXML","/Users/medjlha/Box Sync/Postdoc_UCB/packages/adductomicsR after specSimPep B4 git/inst/extdata/data01_1_adductID/ALVLIAFAQYLQQCPFEDHVK/data01_1.mzXML scan 4571 M943.1219_RT22.58 dp 0.83 varPeakDet 6.png","ALVLIAFAQYLQQCPFEDHVK",4569,4571,2336596,0.826261523560149,5.59,"18.99; 3.31; 3.24; 4.36; 4.52; 3.13; 3.93; 3.22",73.21,"7.81; 3.03; 176.41; 63.45; 115.34",16,5,"","[y13]2+; [y15]2+; [y16]2+; [y17]2+; [y18]2+","61; 106; 125; 196; 414; 500; 580; 679","350; 430; 455; 498; 536",0.0979498692525997,0.0957891787749137,45,0.188188297679698,0.67741935483871,0.428571428571429,0.429357598212826,3,1,0.521106867445059,943.121988932292,0.26,-0.04,22.560294947223,"0.07",393.080074312175,"/Users/medjlha/Box Sync/Postdoc_UCB/packages/adductomicsR after specSimPep B4 git/inst/extdata/spectrumGroups_ALVLIAFAQYLQQCPFEDHVK//spectrumGroup_45_1_M943.122RT22.56.png","","M943.122_RT22.56_n3"
943.122131347656,943.122131347656,NA,22.5858333333333,22.5839678692979,811.7593558149,393.080501558268,3,"data01_2.mzXML","/Users/medjlha/Box Sync/Postdoc_UCB/packages/adductomicsR after specSimPep B4 git/inst/extdata/data01_2_adductID/ALVLIAFAQYLQQCPFEDHVK/data01_2.mzXML scan 4109 M943.1221_RT22.59 dp 0.82 varPeakDet 4.png","ALVLIAFAQYLQQCPFEDHVK",4107,4109,340876.625,0.820709309261355,5.27,"8.01; 5.42; 3.77; 3.87",27.74,"42.63; 14.58; 26",8,3,"","[y16]2+; [y17]2+; [y18]2+","50; 236; 276; 654","524; 572; 619",0.120220019732512,0.0698891005919136,45,0.137304766936804,0.354838709677419,0.285714285714286,0.179861603007683,3,1,0.41409267061858,943.121988932292,0.26,0.15,22.560294947223,"0.07",393.080074312175,"/Users/medjlha/Box Sync/Postdoc_UCB/packages/adductomicsR after specSimPep B4 git/inst/extdata/spectrumGroups_ALVLIAFAQYLQQCPFEDHVK//spectrumGroup_45_1_M943.122RT22.56.png","","M943.122_RT22.56_n3"
846.743896484375,846.743896484375,NA,22.5496666666667,22.5515390982352,811.7593558149,103.945796968425,3,"data01_1.mzXML","/Users/medjlha/Box Sync/Postdoc_UCB/packages/adductomicsR after specSimPep B4 git/inst/extdata/data01_1_adductID/ALVLIAFAQYLQQCPFEDHVK/data01_1.mzXML scan 4566 M846.7439_RT22.55 dp 0.88 varPeakDet 4.png","ALVLIAFAQYLQQCPFEDHVK",4553,4566,350580.15625,0.878081044145261,14.46,"3.99; 4.23; 40.58; 9.06",20.73,"14.52; 31.87; 15.8",8,3,"","[y15]2+; [y16]2+; [y17]2+","104; 202; 427; 493","752; 789; 848",1,0.0951229734089551,47,0.186879464517871,0.354838709677419,0.285714285714286,0.19173977006484,1,0.25,0.449607610588525,846.743896484375,0,0,22.5515390982352,"0",103.945796968425,"/Users/medjlha/Box Sync/Postdoc_UCB/packages/adductomicsR after specSimPep B4 git/inst/extdata/spectrumGroups_ALVLIAFAQYLQQCPFEDHVK//spectrumGroup_47_1_M846.744RT22.55.png","","M846.7439_RT22.55_n1"
846.428771972656,846.428771972656,NA,22.6053333333333,22.6071545598728,811.7593558149,103.000423433268,3,"data01_1.mzXML","/Users/medjlha/Box Sync/Postdoc_UCB/packages/adductomicsR after specSimPep B4 git/inst/extdata/data01_1_adductID/ALVLIAFAQYLQQCPFEDHVK/data01_1.mzXML scan 4580 M846.4288_RT22.61 dp 0.88 varPeakDet 3.png","ALVLIAFAQYLQQCPFEDHVK",4569,4580,108008.6875,0.875850136808293,8.14,"4.44; 20.35; 8.24; 3.78; 3.9",8.04,"5.31; 12.41; 6.41",10,3,"","[y15]2+; [y16]2+; [y17]2+","20; 402; 475; 848; 920","719; 752; 809",1,0.055299035076102,48,0.108640990635854,0.419354838709677,0.285714285714286,0.0881599738462377,1,0.25,0.432531460816335,846.428771972656,0,0,22.6071545598728,"0",103.000423433268,"/Users/medjlha/Box Sync/Postdoc_UCB/packages/adductomicsR after specSimPep B4 git/inst/extdata/spectrumGroups_ALVLIAFAQYLQQCPFEDHVK//spectrumGroup_48_1_M846.429RT22.61.png","","M846.4288_RT22.61_n1"
866.472778320313,866.472778320313,NA,22.6728333333333,22.6745915902153,811.7593558149,163.132442476239,3,"data01_1.mzXML","/Users/medjlha/Box Sync/Postdoc_UCB/packages/adductomicsR after specSimPep B4 git/inst/extdata/data01_1_adductID/ALVLIAFAQYLQQCPFEDHVK/data01_1.mzXML scan 4597 M866.4728_RT22.67 dp 0.83 varPeakDet 4.png","ALVLIAFAQYLQQCPFEDHVK",4585,4597,176596.734375,0.829706443797539,7.52,"5.63; 3.88; 3.32; 17.25",11.46,"3.48; 10.78; 26.9; 4.67",8,4,"","[y14]2+; [y15]2+; [y16]2+; [y17]2+","235; 531; 915; 1132","681; 749; 786; 844",1,0.0584023218517813,51,0.114737736249462,0.387096774193548,0.428571428571429,0.103416335204054,1,0.25,0.444789816859433,866.472778320313,0,0,22.6745915902153,"0",163.132442476239,"/Users/medjlha/Box Sync/Postdoc_UCB/packages/adductomicsR after specSimPep B4 git/inst/extdata/spectrumGroups_ALVLIAFAQYLQQCPFEDHVK//spectrumGroup_51_1_M866.473RT22.67.png","","M866.4728_RT22.67_n1"
876.432861328125,876.432861328125,NA,23.2356666666667,23.2368613828068,811.7593558149,193.012691499675,3,"data01_1.mzXML","/Users/medjlha/Box Sync/Postdoc_UCB/packages/adductomicsR after specSimPep B4 git/inst/extdata/data01_1_adductID/ALVLIAFAQYLQQCPFEDHVK/data01_1.mzXML scan 4736 M876.4329_RT23.24 dp 0.85 varPeakDet 5.png","ALVLIAFAQYLQQCPFEDHVK",4729,4736,571192.0625,0.854191197393672,11.57,"12.28; 3.59; 10.31; 23.48; 8.19",25.55,"4.17; 58.65; 39.54; 15.14; 10.26",10,5,"","[y15]2+; [y16]2+; [y17]2+; [y18]2+; [y19]2+","388; 737; 965; 1055; 1108","777; 814; 872; 923; 965",0.796288104214349,0.0614329693819394,62,0.120691774136223,0.483870967741935,0.571428571428571,0.202255762000763,1,0.25,0.468389482416502,876.432861328125,0,0,23.2368613828068,"0",193.012691499675,"/Users/medjlha/Box Sync/Postdoc_UCB/packages/adductomicsR after specSimPep B4 git/inst/extdata/spectrumGroups_ALVLIAFAQYLQQCPFEDHVK//spectrumGroup_62_1_M876.433RT23.24.png","","M876.4329_RT23.24_n1"
801.388549804688,801.388549804688,NA,23.6188333333333,23.6180168418619,811.7593558149,-32.1202430706362,3,"data01_2.mzXML","/Users/medjlha/Box Sync/Postdoc_UCB/packages/adductomicsR after specSimPep B4 git/inst/extdata/data01_2_adductID/ALVLIAFAQYLQQCPFEDHVK/data01_2.mzXML scan 4345 M801.3885_RT23.62 dp 0.82 varPeakDet 3.png","ALVLIAFAQYLQQCPFEDHVK",4344,4345,4558239.5,0.821034341190497,7.14,"4.91; 3.86; 9.45; 10.35",30.1,"16.58; 23.32; 50.4",8,3,"","[y15]2+; [y16]2+; [y17]2+","28; 68; 260; 570","543; 580; 633",1,0.0959815737092175,67,0.188566278529225,0.354838709677419,0.285714285714286,0.202909606058955,1,0.25,0.443294745881483,801.388549804688,0,0,23.6180168418619,"0",-32.1202430706362,"/Users/medjlha/Box Sync/Postdoc_UCB/packages/adductomicsR after specSimPep B4 git/inst/extdata/spectrumGroups_ALVLIAFAQYLQQCPFEDHVK//spectrumGroup_67_1_M801.389RT23.62.png","","M801.3885_RT23.62_n1"
833.703369140625,833.703369140625,NA,24.1043333333333,24.1045235943293,811.7593558149,64.8242149371749,3,"data01_1.mzXML","/Users/medjlha/Box Sync/Postdoc_UCB/packages/adductomicsR after specSimPep B4 git/inst/extdata/data01_1_adductID/ALVLIAFAQYLQQCPFEDHVK/data01_1.mzXML scan 4952 M833.7034_RT24.1 dp 0.84 varPeakDet 5.png","ALVLIAFAQYLQQCPFEDHVK",4950,4952,466761.875,0.835760568054176,10.24,"3.55; 7.22; 19.95",8.92,"5.27; 4.22; 18.54; 7.67",6,4,"","[y12]2+; [y15]2+; [y16]2+; [y17]2+","356; 690; 861","335; 482; 522; 577",1,0.0611846972736786,70,0.120204016479122,0.32258064516129,0.285714285714286,0.104397101291342,1,0.25,0.416950945242888,833.703369140625,0,0,24.1045235943293,"0",64.8242149371749,"/Users/medjlha/Box Sync/Postdoc_UCB/packages/adductomicsR after specSimPep B4 git/inst/extdata/spectrumGroups_ALVLIAFAQYLQQCPFEDHVK//spectrumGroup_70_1_M833.703RT24.1.png","","M833.7034_RT24.1_n1"
887.111145019531,887.111145019531,NA,24.3773333333333,24.3774292650052,811.7593558149,225.047542573893,3,"data01_2.mzXML","/Users/medjlha/Box Sync/Postdoc_UCB/packages/adductomicsR after specSimPep B4 git/inst/extdata/data01_2_adductID/ALVLIAFAQYLQQCPFEDHVK/data01_2.mzXML scan 4517 M887.1111_RT24.38 dp 0.89 varPeakDet 5.png","ALVLIAFAQYLQQCPFEDHVK",4513,4517,556736.4375,0.890621695284088,7.39,"5.35; 5.01; 11.81",11.88,"3.37; 4.51; 31.04; 10.87; 9.59",6,5,"","[y14]2+; [y15]2+; [y16]2+; [y17]2+; [y18]2+","18; 100; 252","403; 479; 518; 555; 613",1,0.0627993768522467,74,0.123376230763398,0.354838709677419,0.571428571428571,0.104996458344685,1,0.25,0.470751666499737,887.111145019531,0,0,24.3774292650052,"0",225.047542573893,"/Users/medjlha/Box Sync/Postdoc_UCB/packages/adductomicsR after specSimPep B4 git/inst/extdata/spectrumGroups_ALVLIAFAQYLQQCPFEDHVK//spectrumGroup_74_1_M887.111RT24.38.png","","M887.1111_RT24.38_n1"
928.822265625,928.822265625,NA,24.3555,24.3553707940523,811.7593558149,350.1809043903,3,"data01_1.mzXML","/Users/medjlha/Box Sync/Postdoc_UCB/packages/adductomicsR after specSimPep B4 git/inst/extdata/data01_1_adductID/ALVLIAFAQYLQQCPFEDHVK/data01_1.mzXML scan 5003 M928.8223_RT24.36 dp 0.97 varPeakDet 6.png","ALVLIAFAQYLQQCPFEDHVK",5000,5003,74441.125,0.968500582784237,6.22,"7.3; 7.48; 3.88",5.55,"7.13; 6.73; 5.28; 3.07",6,4,"","[y15]2+; [y16]2+; [y17]2+; [y18]2+","247; 592; 674","380; 404; 441; 482",0.74225061012804,0.0493166312049644,75,0.0968879052149291,0.32258064516129,0.428571428571429,0.0641312047076772,1,0.25,0.4104174823668,928.822265625,0,0,24.3553707940523,"0",350.1809043903,"/Users/medjlha/Box Sync/Postdoc_UCB/packages/adductomicsR after specSimPep B4 git/inst/extdata/spectrumGroups_ALVLIAFAQYLQQCPFEDHVK//spectrumGroup_75_1_M928.822RT24.36.png","","M928.8223_RT24.36_n1"
887.437622070313,887.437622070313,NA,24.411,24.4107985393796,811.7593558149,226.026973726239,3,"data01_1.mzXML","/Users/medjlha/Box Sync/Postdoc_UCB/packages/adductomicsR after specSimPep B4 git/inst/extdata/data01_1_adductID/ALVLIAFAQYLQQCPFEDHVK/data01_1.mzXML scan 5013 M887.4376_RT24.41 dp 0.85 varPeakDet 4.png","ALVLIAFAQYLQQCPFEDHVK",5011,5013,963826.125,0.847143184134704,5.42,"3.85; 3.99; 11.43; 3.82; 3.99",16.13,"5.04; 39.53; 8.14; 11.82",10,4,"","[y15]2+; [y16]2+; [y17]2+; [y18]2+","18; 96; 274; 601; 1245","502; 540; 575; 635",1,0.0746757441525549,76,0.146708650703188,0.451612903225806,0.428571428571429,0.117419495450335,1,0.25,0.463065094583637,887.437622070313,0,0,24.4107985393796,"0",226.026973726239,"/Users/medjlha/Box Sync/Postdoc_UCB/packages/adductomicsR after specSimPep B4 git/inst/extdata/spectrumGroups_ALVLIAFAQYLQQCPFEDHVK//spectrumGroup_76_1_M887.438RT24.41.png","","M887.4376_RT24.41_n1"
848.097473144531,848.097473144531,NA,24.5481666666667,24.5484838013194,811.7593558149,108.006526948893,3,"data01_2.mzXML","/Users/medjlha/Box Sync/Postdoc_UCB/packages/adductomicsR after specSimPep B4 git/inst/extdata/data01_2_adductID/ALVLIAFAQYLQQCPFEDHVK/data01_2.mzXML scan 4552 M848.0975_RT24.55 dp 0.81 varPeakDet 4.png","ALVLIAFAQYLQQCPFEDHVK",4550,4552,748008.0625,0.813514945047917,8.88,"4.18; 14.29; 8.18",20.11,"3.05; 43.03; 30.71; 3.65",6,4,"","[y15]2+; [y16]2+; [y17]2+; [y18]2+","91; 722; 1021","570; 609; 671; 724",1,0.083901156456816,77,0.164832980185245,0.32258064516129,0.428571428571429,0.157957827058247,1,0.25,0.44820826086059,848.097473144531,0,0,24.5484838013194,"0",108.006526948893,"/Users/medjlha/Box Sync/Postdoc_UCB/packages/adductomicsR after specSimPep B4 git/inst/extdata/spectrumGroups_ALVLIAFAQYLQQCPFEDHVK//spectrumGroup_77_1_M848.097RT24.55.png","","M848.0975_RT24.55_n1"
804.779907226563,804.779907226563,NA,24.9231666666667,24.9223720677643,811.7593558149,-21.9461708050112,3,"data01_1.mzXML","/Users/medjlha/Box Sync/Postdoc_UCB/packages/adductomicsR after specSimPep B4 git/inst/extdata/data01_1_adductID/ALVLIAFAQYLQQCPFEDHVK/data01_1.mzXML scan 5117 M804.7799_RT24.92 dp 0.8 varPeakDet 4.png","ALVLIAFAQYLQQCPFEDHVK",5116,5117,1020488.25,0.804859381915596,12.01,"8.41; 24.9; 11.59; 3.13",14.16,"34.67; 5.34; 9.7; 6.92",8,4,"","[y16]2+; [y17]2+; [y18]2+; [y19]2+","470; 609; 683; 780","344; 370; 415; 461",0.792664009469347,0.0757035757292717,79,0.148727938029768,0.387096774193548,0.428571428571429,0.142592491690732,1,0.25,0.422073146267203,804.779907226563,0,0,24.9223720677643,"0",-21.9461708050112,"/Users/medjlha/Box Sync/Postdoc_UCB/packages/adductomicsR after specSimPep B4 git/inst/extdata/spectrumGroups_ALVLIAFAQYLQQCPFEDHVK//spectrumGroup_79_1_M804.78RT24.92.png","","M804.7799_RT24.92_n1"
888.778686523438,888.778686523438,NA,25.0501666666667,25.0493045820061,811.7593558149,230.050167085614,3,"data01_1.mzXML","/Users/medjlha/Box Sync/Postdoc_UCB/packages/adductomicsR after specSimPep B4 git/inst/extdata/data01_1_adductID/ALVLIAFAQYLQQCPFEDHVK/data01_1.mzXML scan 5144 M888.7787_RT25.05 dp 0.85 varPeakDet 4.png","ALVLIAFAQYLQQCPFEDHVK",5136,5144,124139.71875,0.848331856955209,4.12,"3.83; 3.15; 5.38",12.95,"3.27; 19.22; 16.37",6,3,"","[y15]2+; [y16]2+; [y17]2+","195; 610; 816","517; 549; 600",1,0.0567579216086576,80,0.111507132475473,0.290322580645161,0.285714285714286,0.0930093172778292,1,0.25,0.41126931043828,888.778686523438,0,0,25.0493045820061,"0",230.050167085614,"/Users/medjlha/Box Sync/Postdoc_UCB/packages/adductomicsR after specSimPep B4 git/inst/extdata/spectrumGroups_ALVLIAFAQYLQQCPFEDHVK//spectrumGroup_80_1_M888.779RT25.05.png","","M888.7787_RT25.05_n1"
763.055725097656,763.055725097656,NA,25.7903333333333,25.7908173582851,811.7593558149,-147.118717191732,3,"data01_2.mzXML","/Users/medjlha/Box Sync/Postdoc_UCB/packages/adductomicsR after specSimPep B4 git/inst/extdata/data01_2_adductID/ALVLIAFAQYLQQCPFEDHVK/data01_2.mzXML scan 4778 M763.0557_RT25.79 dp 0.83 varPeakDet 3.png","ALVLIAFAQYLQQCPFEDHVK",4775,4778,117627.640625,0.826565210168056,10.31,"3.63; 16.11; 4.25; 5.12; 22.45",9.31,"6.25; 16.45; 5.24",10,3,"","[y15]2+; [y16]2+; [y18]2+","13; 294; 330; 435; 564","257; 294; 365",1,0.0694079803428605,84,0.136359553690313,0.419354838709677,0.142857142857143,0.106903503514412,1,0.25,0.4117200355628,763.055725097656,0,0,25.7908173582851,"0",-147.118717191732,"/Users/medjlha/Box Sync/Postdoc_UCB/packages/adductomicsR after specSimPep B4 git/inst/extdata/spectrumGroups_ALVLIAFAQYLQQCPFEDHVK//spectrumGroup_84_1_M763.056RT25.79.png","","M763.0557_RT25.79_n1"
913.448669433594,913.448669433594,NA,26.1646666666667,26.1644077070117,811.7593558149,304.060115816082,3,"data01_1.mzXML","/Users/medjlha/Box Sync/Postdoc_UCB/packages/adductomicsR after specSimPep B4 git/inst/extdata/data01_1_adductID/ALVLIAFAQYLQQCPFEDHVK/data01_1.mzXML scan 5352 M913.4487_RT26.16 dp 0.94 varPeakDet 7.png","ALVLIAFAQYLQQCPFEDHVK",5351,5352,908812.625,0.93887473334858,10.85,"12.79; 28.09; 16.7; 17.5; 6.57; 7.29; 3.09; 6.47; 7.51; 5.14; 8.19",63.8,"4.92; 20.1; 121.28; 85.12; 89.78; 87.9; 37.49",22,7,"","[y13]2+; [y14]2+; [y15]2+; [y16]2+; [y17]2+; [y18]2+; [y19]2+","6; 50; 112; 143; 216; 263; 336; 458; 533; 589; 620","369; 394; 449; 475; 513; 549; 574",1,0.296238202423122,86,0.581992284876977,0.935483870967742,0.857142857142857,0.406745491200349,4,1,0.817177033933786,913.448394775391,0.74,0.3,26.2266927001792,"0.13",304.059291841472,"/Users/medjlha/Box Sync/Postdoc_UCB/packages/adductomicsR after specSimPep B4 git/inst/extdata/spectrumGroups_ALVLIAFAQYLQQCPFEDHVK//spectrumGroup_86_1_M913.448RT26.23.png","","M913.4484_RT26.23_n4"
913.448425292969,913.448425292969,NA,26.2118333333333,26.2116085152523,811.7593558149,304.059383394207,3,"data01_1.mzXML","/Users/medjlha/Box Sync/Postdoc_UCB/packages/adductomicsR after specSimPep B4 git/inst/extdata/data01_1_adductID/ALVLIAFAQYLQQCPFEDHVK/data01_1.mzXML scan 5362 M913.4484_RT26.21 dp 0.99 varPeakDet 7.png","ALVLIAFAQYLQQCPFEDHVK",5361,5362,6880773,0.986585488841795,18.49,"15.33; 54.12; 28.64; 30.44; 14.38; 12.44; 3.5; 11.14; 12.63; 8.62; 12.19",101.12,"13.56; 54.89; 128.7; 197.86; 148.56; 112.04; 52.23",22,7,"","[y13]2+; [y14]2+; [y15]2+; [y16]2+; [y17]2+; [y18]2+; [y19]2+","5; 54; 120; 168; 260; 316; 391; 512; 590; 666; 708","420; 447; 505; 531; 571; 609; 639",1,0.330437526391687,86,0.649180589879192,0.935483870967742,0.857142857142857,0.651719065002997,4,1,0.868587410262083,913.448394775391,0.74,0.03,26.2266927001792,"0.13",304.059291841472,"/Users/medjlha/Box Sync/Postdoc_UCB/packages/adductomicsR after specSimPep B4 git/inst/extdata/spectrumGroups_ALVLIAFAQYLQQCPFEDHVK//spectrumGroup_86_1_M913.448RT26.23.png","","M913.4484_RT26.23_n4"
913.447998046875,913.447998046875,NA,26.2395,26.2396484951679,811.7593558149,304.058101655925,3,"data01_2.mzXML","/Users/medjlha/Box Sync/Postdoc_UCB/packages/adductomicsR after specSimPep B4 git/inst/extdata/data01_2_adductID/ALVLIAFAQYLQQCPFEDHVK/data01_2.mzXML scan 4852 M913.448_RT26.24 dp 0.96 varPeakDet 7.png","ALVLIAFAQYLQQCPFEDHVK",4851,4852,833277.375,0.960883289032321,16.72,"32.22; 48.11; 27.19; 28.97; 13.59; 9.91; 4.07; 8.39; 13.01; 3.34; 7.09; 4.8",114.36,"11.98; 45.88; 130.24; 272; 97.55; 164.39; 78.52",24,7,"","[y13]2+; [y14]2+; [y15]2+; [y16]2+; [y17]2+; [y18]2+; [y19]2+","7; 70; 144; 195; 315; 380; 480; 627; 728; 822; 886; 950","517; 547; 619; 652; 703; 750; 791",1,0.3445162908898,86,0.676839859519232,1,0.857142857142857,0.714215659565194,4,1,0.887011666465658,913.448394775391,0.74,-0.43,26.2266927001792,"0.13",304.059291841472,"/Users/medjlha/Box Sync/Postdoc_UCB/packages/adductomicsR after specSimPep B4 git/inst/extdata/spectrumGroups_ALVLIAFAQYLQQCPFEDHVK//spectrumGroup_86_1_M913.448RT26.23.png","","M913.4484_RT26.23_n4"
913.448486328125,913.448486328125,NA,26.291,26.2911060832849,811.7593558149,304.059566499675,3,"data01_2.mzXML","/Users/medjlha/Box Sync/Postdoc_UCB/packages/adductomicsR after specSimPep B4 git/inst/extdata/data01_2_adductID/ALVLIAFAQYLQQCPFEDHVK/data01_2.mzXML scan 4863 M913.4485_RT26.29 dp 0.99 varPeakDet 7.png","ALVLIAFAQYLQQCPFEDHVK",4862,4863,3600303,0.985621162098258,24.84,"42.39; 70.81; 39.18; 44.88; 13.66; 13.69; 3.4; 9.7; 16.8; 7.47; 11.3",157.54,"12.92; 76.72; 172.66; 287.35; 285.77; 208.92; 58.43",22,7,"","[y13]2+; [y14]2+; [y15]2+; [y16]2+; [y17]2+; [y18]2+; [y19]2+","4; 58; 128; 177; 287; 340; 415; 539; 615; 690; 734","452; 478; 531; 557; 598; 632; 664",1,0.408876863979428,86,0.803283230705112,0.935483870967742,0.857142857142857,0.993733994442325,4,1,0.939323587908042,913.448394775391,0.74,0.1,26.2266927001792,"0.13",304.059291841472,"/Users/medjlha/Box Sync/Postdoc_UCB/packages/adductomicsR after specSimPep B4 git/inst/extdata/spectrumGroups_ALVLIAFAQYLQQCPFEDHVK//spectrumGroup_86_1_M913.448RT26.23.png","","M913.4484_RT26.23_n4"
852.07421875,852.07421875,NA,26.2146666666667,26.2144441605295,811.7593558149,119.9367637653,3,"data01_1.mzXML","/Users/medjlha/Box Sync/Postdoc_UCB/packages/adductomicsR after specSimPep B4 git/inst/extdata/data01_1_adductID/ALVLIAFAQYLQQCPFEDHVK/data01_1.mzXML scan 5363 M852.0742_RT26.21 dp 0.9 varPeakDet 7.png","ALVLIAFAQYLQQCPFEDHVK",5361,5363,1303666,0.897583936372266,8.79,"9.61; 15.65; 4.55; 14.43; 4.49; 4",51.44,"7.78; 9.71; 25.79; 93.46; 98.13; 101.22; 23.99",12,7,"","[y12]2+; [y13]2+; [y14]2+; [y15]2+; [y16]2+; [y17]2+; [y19]2+","22; 79; 150; 210; 703; 849","462; 521; 552; 611; 638; 684; 737",1,0.190596087598803,88,0.37444681881982,0.612903225806452,0.714285714285714,0.328175230207595,1,0.25,0.596770703641692,852.07421875,0,0,26.2144441605295,"0",119.9367637653,"/Users/medjlha/Box Sync/Postdoc_UCB/packages/adductomicsR after specSimPep B4 git/inst/extdata/spectrumGroups_ALVLIAFAQYLQQCPFEDHVK//spectrumGroup_88_1_M852.074RT26.21.png","","M852.0742_RT26.21_n1"
857.755920410156,857.755920410156,NA,26.357,26.3568941181822,811.7593558149,136.981868745768,3,"data01_1.mzXML","/Users/medjlha/Box Sync/Postdoc_UCB/packages/adductomicsR after specSimPep B4 git/inst/extdata/data01_1_adductID/ALVLIAFAQYLQQCPFEDHVK/data01_1.mzXML scan 5395 M857.7559_RT26.36 dp 0.85 varPeakDet 5.png","ALVLIAFAQYLQQCPFEDHVK",5392,5395,683737.25,0.853459041740865,15.97,"41.73; 3.05; 3.13",10.34,"9.29; 19.82; 4.55; 7.69",6,4,"","[y15]2+; [y16]2+; [y17]2+; [y19]2+","250; 590; 985","631; 669; 728; 837",1,0.0718793916997766,90,0.141214911070683,0.32258064516129,0.285714285714286,0.143355309758623,1,0.25,0.428046313349392,857.755920410156,0,0,26.3568941181822,"0",136.981868745768,"/Users/medjlha/Box Sync/Postdoc_UCB/packages/adductomicsR after specSimPep B4 git/inst/extdata/spectrumGroups_ALVLIAFAQYLQQCPFEDHVK//spectrumGroup_90_1_M857.756RT26.36.png","","M857.7559_RT26.36_n1"
811.087341308594,811.087341308594,NA,26.8796666666667,26.8800117151023,811.7593558149,-3.02386855891814,3,"data01_1.mzXML","/Users/medjlha/Box Sync/Postdoc_UCB/packages/adductomicsR after specSimPep B4 git/inst/extdata/data01_1_adductID/ALVLIAFAQYLQQCPFEDHVK/data01_1.mzXML scan 5484 M811.0873_RT26.88 dp 0.98 varPeakDet 7.png","ALVLIAFAQYLQQCPFEDHVK",5483,5484,447979.90625,0.981598076475709,30.6,"26.64; 36.43; 12.39; 24.59; 6.67; 102.56; 4.89",102.47,"33.5; 46.86; 99.36; 179.78; 163.57; 155.44; 38.76",14,7,"","[y12]2+; [y14]2+; [y15]2+; [y16]2+; [y17]2+; [y18]2+; [y19]2+","19; 56; 112; 141; 236; 352; 445","254; 301; 352; 372; 409; 438; 458",1,0.509007095318698,92,1,0.67741935483871,0.714285714285714,0.725058573530213,3,0.75,0.835480245590049,811.087117513021,0.53,0.28,26.8983313924771,"0.06",-3.02453994563712,"/Users/medjlha/Box Sync/Postdoc_UCB/packages/adductomicsR after specSimPep B4 git/inst/extdata/spectrumGroups_ALVLIAFAQYLQQCPFEDHVK//spectrumGroup_92_1_M811.087RT26.9.png","","M811.0871_RT26.9_n3"
811.0869140625,811.0869140625,NA,26.8781666666667,26.8777664593155,811.7593558149,-3.02515029720007,3,"data01_2.mzXML","/Users/medjlha/Box Sync/Postdoc_UCB/packages/adductomicsR after specSimPep B4 git/inst/extdata/data01_2_adductID/ALVLIAFAQYLQQCPFEDHVK/data01_2.mzXML scan 4971 M811.0869_RT26.88 dp 0.97 varPeakDet 7.png","ALVLIAFAQYLQQCPFEDHVK",4970,4971,232005.765625,0.967822364155766,25.4,"16.3; 29.17; 21.31; 21.57; 12.8; 71.89; 4.79",65.93,"4.47; 28.83; 71.82; 78.7; 119.8; 115.04; 42.85",14,7,"","[y12]2+; [y14]2+; [y15]2+; [y16]2+; [y17]2+; [y18]2+; [y19]2+","10; 47; 89; 129; 212; 315; 473","236; 280; 315; 340; 367; 391; 408",1,0.443291605717194,92,0.870894747429092,0.67741935483871,0.714285714285714,0.497629815289054,3,0.75,0.782578856571191,811.087117513021,0.53,-0.25,26.8983313924771,"0.06",-3.02453994563712,"/Users/medjlha/Box Sync/Postdoc_UCB/packages/adductomicsR after specSimPep B4 git/inst/extdata/spectrumGroups_ALVLIAFAQYLQQCPFEDHVK//spectrumGroup_92_1_M811.087RT26.9.png","","M811.0871_RT26.9_n3"
811.087097167969,811.087097167969,NA,26.9376666666667,26.9372160030136,811.7593558149,-3.02460098079314,3,"data01_2.mzXML","/Users/medjlha/Box Sync/Postdoc_UCB/packages/adductomicsR after specSimPep B4 git/inst/extdata/data01_2_adductID/ALVLIAFAQYLQQCPFEDHVK/data01_2.mzXML scan 4982 M811.0871_RT26.94 dp 0.97 varPeakDet 8.png","ALVLIAFAQYLQQCPFEDHVK",4981,4982,151862.15625,0.967947723023395,17.99,"15.77; 20.93; 17.05; 22.6; 5.13; 41.22; 3.22",63.95,"17.32; 35.27; 41.22; 110.1; 107.41; 104.1; 32.2",14,7,"","[y12]2+; [y14]2+; [y15]2+; [y16]2+; [y17]2+; [y18]2+; [y19]2+","13; 48; 97; 133; 213; 321; 521","235; 281; 321; 340; 366; 399; 416",1,0.437235587070343,92,0.858997037745776,0.67741935483871,0.714285714285714,0.44646651773552,3,0.75,0.773588049661302,811.087117513021,0.53,-0.03,26.8983313924771,"0.06",-3.02453994563712,"/Users/medjlha/Box Sync/Postdoc_UCB/packages/adductomicsR after specSimPep B4 git/inst/extdata/spectrumGroups_ALVLIAFAQYLQQCPFEDHVK//spectrumGroup_92_1_M811.087RT26.9.png","","M811.0871_RT26.9_n3"
980.8017578125,980.8017578125,NA,26.9381666666667,26.9385611384726,811.7593558149,506.1193809528,3,"data01_1.mzXML","/Users/medjlha/Box Sync/Postdoc_UCB/packages/adductomicsR after specSimPep B4 git/inst/extdata/data01_1_adductID/ALVLIAFAQYLQQCPFEDHVK/data01_1.mzXML scan 5495 M980.8018_RT26.94 dp 0.94 varPeakDet 7.png","ALVLIAFAQYLQQCPFEDHVK",5493,5495,160739.984375,0.941492364618947,4.52,"3.54; 5.99; 5.97; 3.02; 4.09",7.11,"5.99; 4.74; 8.08; 14; 8.1; 3.74; 5.08",10,7,"","[y12]2+; [y14]2+; [y15]2+; [y16]2+; [y17]2+; [y18]2+; [y19]2+","97; 318; 428; 726; 755","318; 379; 441; 477; 522; 564; 599",0.60068921095272,0.0617923824405064,93,0.121397880321918,0.548387096774194,0.714285714285714,0.0633683866397864,1,0.25,0.462802950513326,980.8017578125,0,0,26.9385611384726,"0",506.1193809528,"/Users/medjlha/Box Sync/Postdoc_UCB/packages/adductomicsR after specSimPep B4 git/inst/extdata/spectrumGroups_ALVLIAFAQYLQQCPFEDHVK//spectrumGroup_93_1_M980.802RT26.94.png","","M980.8018_RT26.94_n1"
822.4228515625,822.4228515625,NA,26.8853333333333,26.8856832057292,811.7593558149,30.9826622027999,3,"data01_1.mzXML","/Users/medjlha/Box Sync/Postdoc_UCB/packages/adductomicsR after specSimPep B4 git/inst/extdata/data01_1_adductID/ALVLIAFAQYLQQCPFEDHVK/data01_1.mzXML scan 5486 M822.4229_RT26.89 dp 0.96 varPeakDet 7.png","ALVLIAFAQYLQQCPFEDHVK",5483,5486,362639.25,0.964155444690321,13.73,"17.33; 17.14; 21.18; 19.26; 12.86; 4.35; 24.5; 6.17; 9.73; 4.83",18.71,"6.39; 7.41; 10.93; 30.47; 29.86; 19.72; 26.17",20,7,"","[y12]2+; [y14]2+; [y15]2+; [y16]2+; [y17]2+; [y18]2+; [y19]2+","21; 80; 153; 202; 329; 497; 652; 747; 802; 844","362; 433; 504; 536; 591; 643; 689",1,0.177297906051212,94,0.348321089591498,0.870967741935484,0.714285714285714,0.17675584373127,3,0.75,0.68921226203347,822.422180175781,1.56,0.82,26.9339739429686,"0.09",30.9806480426439,"/Users/medjlha/Box Sync/Postdoc_UCB/packages/adductomicsR after specSimPep B4 git/inst/extdata/spectrumGroups_ALVLIAFAQYLQQCPFEDHVK//spectrumGroup_94_1_M822.422RT26.93.png","","M822.4222_RT26.93_n3"
822.421569824219,822.421569824219,NA,26.9353333333333,26.9357254317028,811.7593558149,30.9788169879569,3,"data01_1.mzXML","/Users/medjlha/Box Sync/Postdoc_UCB/packages/adductomicsR after specSimPep B4 git/inst/extdata/data01_1_adductID/ALVLIAFAQYLQQCPFEDHVK/data01_1.mzXML scan 5494 M822.4216_RT26.94 dp 0.99 varPeakDet 7.png","ALVLIAFAQYLQQCPFEDHVK",5493,5494,2638352,0.987776171619274,30.32,"37.97; 44.64; 52.48; 50.33; 23.57; 17.52; 47.85; 9.66; 8.82; 10.34",57.48,"22.86; 32.83; 73.09; 105.55; 64.61; 69.09; 34.36",20,7,"","[y12]2+; [y14]2+; [y15]2+; [y16]2+; [y17]2+; [y18]2+; [y19]2+","23; 69; 136; 175; 281; 432; 567; 634; 675; 704","310; 376; 441; 470; 520; 559; 596",1,0.31435493124119,94,0.617584576192139,0.870967741935484,0.714285714285714,0.478395902577235,3,0.75,0.774144300944264,822.422180175781,1.56,-0.74,26.9339739429686,"0.09",30.9806480426439,"/Users/medjlha/Box Sync/Postdoc_UCB/packages/adductomicsR after specSimPep B4 git/inst/extdata/spectrumGroups_ALVLIAFAQYLQQCPFEDHVK//spectrumGroup_94_1_M822.422RT26.93.png","","M822.4222_RT26.93_n3"
822.422119140625,822.422119140625,NA,26.981,26.9805131914736,811.7593558149,30.9804649371749,3,"data01_2.mzXML","/Users/medjlha/Box Sync/Postdoc_UCB/packages/adductomicsR after specSimPep B4 git/inst/extdata/data01_2_adductID/ALVLIAFAQYLQQCPFEDHVK/data01_2.mzXML scan 4991 M822.4221_RT26.98 dp 0.99 varPeakDet 7.png","ALVLIAFAQYLQQCPFEDHVK",4990,4991,1053996.875,0.986712060000179,19.88,"31.51; 24.52; 28.66; 30.23; 18.59; 9.98; 28.97; 13.96; 7.74; 4.68",32.12,"11.96; 15.17; 43.15; 62.05; 32.23; 34.73; 25.51",20,7,"","[y12]2+; [y14]2+; [y15]2+; [y16]2+; [y17]2+; [y18]2+; [y19]2+","15; 60; 128; 162; 250; 379; 500; 557; 593; 623","277; 328; 389; 420; 465; 494; 524",1,0.270401475411991,94,0.531233214426388,0.870967741935484,0.714285714285714,0.283332425216586,3,0.75,0.733790165123479,822.422180175781,1.56,-0.07,26.9339739429686,"0.09",30.9806480426439,"/Users/medjlha/Box Sync/Postdoc_UCB/packages/adductomicsR after specSimPep B4 git/inst/extdata/spectrumGroups_ALVLIAFAQYLQQCPFEDHVK//spectrumGroup_94_1_M822.422RT26.93.png","","M822.4222_RT26.93_n3"
805.761840820313,805.761840820313,NA,26.9895,26.9899370778807,811.7593558149,-19.0003700237612,3,"data01_1.mzXML","/Users/medjlha/Box Sync/Postdoc_UCB/packages/adductomicsR after specSimPep B4 git/inst/extdata/data01_1_adductID/ALVLIAFAQYLQQCPFEDHVK/data01_1.mzXML scan 5506 M805.7618_RT26.99 dp 0.98 varPeakDet 7.png","ALVLIAFAQYLQQCPFEDHVK",5505,5506,349746.40625,0.98356862351683,16.6,"27.38; 31.63; 19.84; 18.89; 5.31; 4; 9.12",56.07,"15.91; 8.97; 55.8; 75.68; 69.1; 96.86; 70.19",14,7,"","[y12]2+; [y14]2+; [y15]2+; [y16]2+; [y17]2+; [y18]2+; [y19]2+","23; 79; 156; 214; 334; 638; 716","350; 420; 491; 523; 576; 622; 660",1,0.324639573638378,96,0.637789878813213,0.67741935483871,0.714285714285714,0.395957064240179,4,1,0.772717233670664,805.761703491211,1.14,0.17,27.0448726931184,"0.11",-19.0007820110664,"/Users/medjlha/Box Sync/Postdoc_UCB/packages/adductomicsR after specSimPep B4 git/inst/extdata/spectrumGroups_ALVLIAFAQYLQQCPFEDHVK//spectrumGroup_96_1_M805.762RT27.04.png","","M805.7617_RT27.04_n4"
805.76171875,805.76171875,NA,27.0618333333333,27.062329060255,811.7593558149,-19.0007362347001,3,"data01_1.mzXML","/Users/medjlha/Box Sync/Postdoc_UCB/packages/adductomicsR after specSimPep B4 git/inst/extdata/data01_1_adductID/ALVLIAFAQYLQQCPFEDHVK/data01_1.mzXML scan 5520 M805.7617_RT27.06 dp 0.98 varPeakDet 7.png","ALVLIAFAQYLQQCPFEDHVK",5518,5520,225875.59375,0.980174337475939,17.29,"32.06; 29.74; 26.56; 24; 12.63; 3.01; 9.61; 11.41; 6.61",66.56,"4.54; 14.45; 63.37; 91.16; 94.25; 106.23; 91.91",18,7,"","[y12]2+; [y14]2+; [y15]2+; [y16]2+; [y17]2+; [y18]2+; [y19]2+","24; 76; 150; 203; 330; 500; 697; 739; 774","348; 420; 491; 524; 571; 621; 656",1,0.384312534660518,96,0.755023924410904,0.806451612903226,0.714285714285714,0.456873535661745,4,1,0.816115589248218,805.761703491211,1.14,0.02,27.0448726931184,"0.11",-19.0007820110664,"/Users/medjlha/Box Sync/Postdoc_UCB/packages/adductomicsR after specSimPep B4 git/inst/extdata/spectrumGroups_ALVLIAFAQYLQQCPFEDHVK//spectrumGroup_96_1_M805.762RT27.04.png","","M805.7617_RT27.04_n4"
805.762084960938,805.762084960938,NA,27.0308333333333,27.0303056660736,811.7593558149,-18.9996376018862,3,"data01_2.mzXML","/Users/medjlha/Box Sync/Postdoc_UCB/packages/adductomicsR after specSimPep B4 git/inst/extdata/data01_2_adductID/ALVLIAFAQYLQQCPFEDHVK/data01_2.mzXML scan 5000 M805.7621_RT27.03 dp 0.93 varPeakDet 6.png","ALVLIAFAQYLQQCPFEDHVK",4999,5000,22392.77734375,0.932248335061554,4.37,"6.33; 3.5; 3.43; 4.21",11.42,"3.23; 11.16; 9.37; 14.24; 16.7; 13.79",8,6,"","[y14]2+; [y15]2+; [y16]2+; [y17]2+; [y18]2+; [y19]2+","22; 49; 75; 228","191; 221; 244; 268; 289; 305",1,0.143217561298322,96,0.281366532245785,0.451612903225806,0.714285714285714,0.0860349806571133,4,1,0.637935495067996,805.761703491211,1.14,0.47,27.0448726931184,"0.11",-19.0007820110664,"/Users/medjlha/Box Sync/Postdoc_UCB/packages/adductomicsR after specSimPep B4 git/inst/extdata/spectrumGroups_ALVLIAFAQYLQQCPFEDHVK//spectrumGroup_96_1_M805.762RT27.04.png","","M805.7617_RT27.04_n4"
805.761169433594,805.761169433594,NA,27.0975,27.0969189682641,811.7593558149,-19.0023841839181,3,"data01_2.mzXML","/Users/medjlha/Box Sync/Postdoc_UCB/packages/adductomicsR after specSimPep B4 git/inst/extdata/data01_2_adductID/ALVLIAFAQYLQQCPFEDHVK/data01_2.mzXML scan 5012 M805.7612_RT27.1 dp 0.94 varPeakDet 7.png","ALVLIAFAQYLQQCPFEDHVK",5009,5012,82437.6328125,0.940174698308154,7.86,"6.02; 11.79; 5.77",15.77,"6.88; 3.03; 11.83; 25.9; 35.52; 14.73; 12.48",6,7,"","[y12]2+; [y14]2+; [y15]2+; [y16]2+; [y17]2+; [y18]2+; [y19]2+","8; 34; 61","162; 196; 225; 241; 261; 289; 306",1,0.229776503437563,96,0.451421022517762,0.419354838709677,0.714285714285714,0.128752792458999,4,1,0.664855580897187,805.761703491211,1.14,-0.66,27.0448726931184,"0.11",-19.0007820110664,"/Users/medjlha/Box Sync/Postdoc_UCB/packages/adductomicsR after specSimPep B4 git/inst/extdata/spectrumGroups_ALVLIAFAQYLQQCPFEDHVK//spectrumGroup_96_1_M805.762RT27.04.png","","M805.7617_RT27.04_n4"
834.775085449219,834.775085449219,NA,27.0915,27.0909237073464,811.7593558149,68.0393638629569,3,"data01_2.mzXML","/Users/medjlha/Box Sync/Postdoc_UCB/packages/adductomicsR after specSimPep B4 git/inst/extdata/data01_2_adductID/ALVLIAFAQYLQQCPFEDHVK/data01_2.mzXML scan 5010 M834.7751_RT27.09 dp 0.97 varPeakDet 7.png","ALVLIAFAQYLQQCPFEDHVK",5009,5010,903581.1875,0.967566404951848,5.38,"5.44; 7.58; 3.11",132.05,"20.49; 15.85; 42.22; 214.8; 297.7; 199.44; 133.87",6,7,"","[y12]2+; [y13]2+; [y14]2+; [y15]2+; [y16]2+; [y17]2+; [y18]2+","104; 144; 270","259; 285; 307; 349; 375; 403; 429",1,0.424375833007369,99,0.833732647168032,0.419354838709677,0.857142857142857,0.748814907644527,1,0.25,0.725230236516706,834.775085449219,0,0,27.0909237073464,"0",68.0393638629569,"/Users/medjlha/Box Sync/Postdoc_UCB/packages/adductomicsR after specSimPep B4 git/inst/extdata/spectrumGroups_ALVLIAFAQYLQQCPFEDHVK//spectrumGroup_99_1_M834.775RT27.09.png","","M834.7751_RT27.09_n1"
841.678100585938,841.678100585938,NA,27.2393333333333,27.2399651513848,811.7593558149,88.7484092731138,3,"data01_1.mzXML","/Users/medjlha/Box Sync/Postdoc_UCB/packages/adductomicsR after specSimPep B4 git/inst/extdata/data01_1_adductID/ALVLIAFAQYLQQCPFEDHVK/data01_1.mzXML scan 5557 M841.6781_RT27.24 dp 0.88 varPeakDet 8.png","ALVLIAFAQYLQQCPFEDHVK",5549,5557,59144.12109375,0.877337944353833,7.11,"14.82; 7.81; 3.17; 3.62; 3.41; 9.8",14.51,"9.39; 10.89; 11.3; 28.69; 12.27",12,5,"","[y15]2+; [y16]2+; [y17]2+; [y18]2+; [y19]2+","12; 59; 305; 395; 502; 561","423; 448; 485; 518; 546",0.625907324696503,0.099537435399127,102,0.195552156963166,0.548387096774194,0.571428571428571,0.117800904484281,1,0.25,0.455201999814364,841.678100585938,0,0,27.2399651513848,"0",88.7484092731138,"/Users/medjlha/Box Sync/Postdoc_UCB/packages/adductomicsR after specSimPep B4 git/inst/extdata/spectrumGroups_ALVLIAFAQYLQQCPFEDHVK//spectrumGroup_102_1_M841.678RT27.24.png","","M841.6781_RT27.24_n1"
826.742065429688,826.742065429688,NA,27.3461666666667,27.3468746565118,811.7593558149,43.9403038043638,3,"data01_1.mzXML","/Users/medjlha/Box Sync/Postdoc_UCB/packages/adductomicsR after specSimPep B4 git/inst/extdata/data01_1_adductID/ALVLIAFAQYLQQCPFEDHVK/data01_1.mzXML scan 5579 M826.7421_RT27.35 dp 0.94 varPeakDet 7.png","ALVLIAFAQYLQQCPFEDHVK",5574,5579,273196.90625,0.944297795837585,7.42,"6.38; 6.96; 14.44; 7.66; 7.58; 7.16; 6.5; 7.56; 3.21; 6.71",13.38,"3.02; 13.46; 15.2; 18.72; 10.86; 19.89; 12.47",20,7,"","[y12]2+; [y14]2+; [y15]2+; [y16]2+; [y17]2+; [y18]2+; [y19]2+","26; 94; 173; 226; 362; 530; 686; 787; 866; 909","411; 482; 554; 588; 645; 697; 740",0.60090312711816,0.134550153130356,103,0.264338462799053,0.870967741935484,0.714285714285714,0.113332970086634,1,0.25,0.536875116008947,826.742065429688,0,0,27.3468746565118,"0",43.9403038043638,"/Users/medjlha/Box Sync/Postdoc_UCB/packages/adductomicsR after specSimPep B4 git/inst/extdata/spectrumGroups_ALVLIAFAQYLQQCPFEDHVK//spectrumGroup_103_1_M826.742RT27.35.png","","M826.7421_RT27.35_n1"
822.083435058594,822.083435058594,NA,27.4035,27.4042470761686,811.7593558149,29.9644126910819,3,"data01_1.mzXML","/Users/medjlha/Box Sync/Postdoc_UCB/packages/adductomicsR after specSimPep B4 git/inst/extdata/data01_1_adductID/ALVLIAFAQYLQQCPFEDHVK/data01_1.mzXML scan 5592 M822.0834_RT27.4 dp 0.95 varPeakDet 5.png","ALVLIAFAQYLQQCPFEDHVK",5584,5592,262112.984375,0.946007288550243,11.36,"13.74; 11.25; 11.02; 12.93; 7.39; 4.96; 7.78; 3.45; 29.74",5.16,"3.48; 7.54; 3.33; 7.41; 4.06",18,5,"","[y15]2+; [y16]2+; [y17]2+; [y18]2+; [y19]2+","26; 81; 163; 214; 344; 517; 669; 761; 851","475; 512; 568; 622; 661",0.792445201964953,0.0809300759652774,104,0.158995968247959,0.741935483870968,0.571428571428571,0.0900125320111154,1,0.25,0.507260720867687,822.083435058594,0,0,27.4042470761686,"0",29.9644126910819,"/Users/medjlha/Box Sync/Postdoc_UCB/packages/adductomicsR after specSimPep B4 git/inst/extdata/spectrumGroups_ALVLIAFAQYLQQCPFEDHVK//spectrumGroup_104_1_M822.083RT27.4.png","","M822.0834_RT27.4_n1"
827.094299316406,827.094299316406,NA,27.4455,27.4462749295807,811.7593558149,44.997005464518,3,"data01_1.mzXML","/Users/medjlha/Box Sync/Postdoc_UCB/packages/adductomicsR after specSimPep B4 git/inst/extdata/data01_1_adductID/ALVLIAFAQYLQQCPFEDHVK/data01_1.mzXML scan 5600 M827.0943_RT27.45 dp 0.91 varPeakDet 6.png","ALVLIAFAQYLQQCPFEDHVK",5599,5600,217493.671875,0.914396048685132,10.29,"9.9; 8.2; 7.8; 15.24; 4.26; 22.22; 4.42",11.49,"3.92; 8.74; 24.02; 5.5; 22.22; 4.55",14,6,"","[y14]2+; [y15]2+; [y16]2+; [y17]2+; [y18]2+; [y19]2+","12; 42; 95; 129; 214; 453; 510","295; 349; 377; 416; 453; 484",1,0.121066741970524,105,0.237848829778536,0.645161290322581,0.714285714285714,0.11867269656187,2,0.75,0.625766368519119,827.094757080078,1.11,-0.55,27.4669549867163,"0.04",44.998378755534,"/Users/medjlha/Box Sync/Postdoc_UCB/packages/adductomicsR after specSimPep B4 git/inst/extdata/spectrumGroups_ALVLIAFAQYLQQCPFEDHVK//spectrumGroup_105_1_M827.095RT27.47.png","","M827.0948_RT27.47_n2"
827.09521484375,827.09521484375,NA,27.4868333333333,27.4876350438519,811.7593558149,44.9997520465499,3,"data01_1.mzXML","/Users/medjlha/Box Sync/Postdoc_UCB/packages/adductomicsR after specSimPep B4 git/inst/extdata/data01_1_adductID/ALVLIAFAQYLQQCPFEDHVK/data01_1.mzXML scan 5609 M827.0952_RT27.49 dp 0.98 varPeakDet 7.png","ALVLIAFAQYLQQCPFEDHVK",5607,5609,388618.75,0.981066646216763,17.48,"25.03; 26.3; 19.02; 20.65; 10.87; 8.87; 36.03; 9.96; 4.57; 13.54",25.4,"4.42; 17.71; 31.32; 33.72; 27.08; 36.03; 27.55",20,7,"","[y12]2+; [y14]2+; [y15]2+; [y16]2+; [y17]2+; [y18]2+; [y19]2+","19; 70; 149; 192; 308; 452; 596; 676; 723; 769","343; 400; 466; 501; 555; 596; 633",1,0.197815903060797,105,0.388630934382047,0.870967741935484,0.714285714285714,0.233640276793985,2,0.75,0.705513044801999,827.094757080078,1.11,0.55,27.4669549867163,"0.04",44.998378755534,"/Users/medjlha/Box Sync/Postdoc_UCB/packages/adductomicsR after specSimPep B4 git/inst/extdata/spectrumGroups_ALVLIAFAQYLQQCPFEDHVK//spectrumGroup_105_1_M827.095RT27.47.png","","M827.0948_RT27.47_n2"
811.758239746094,811.758239746094,NA,27.4548333333333,27.4556143644028,811.7593558149,-1.01117324641814,3,"data01_1.mzXML","/Users/medjlha/Box Sync/Postdoc_UCB/packages/adductomicsR after specSimPep B4 git/inst/extdata/data01_1_adductID/ALVLIAFAQYLQQCPFEDHVK/data01_1.mzXML scan 5603 M811.7582_RT27.45 dp 0.93 varPeakDet 7.png","ALVLIAFAQYLQQCPFEDHVK",5599,5603,265273.21875,0.932734969342648,18.53,"18.02; 36.44; 12.64; 22.73; 13.25; 31.71; 8.33; 5.14",45.38,"3.78; 21.58; 31.71; 38.97; 69.37; 81; 71.23",16,7,"","[y12]2+; [y14]2+; [y15]2+; [y16]2+; [y17]2+; [y18]2+; [y19]2+","19; 75; 147; 196; 323; 483; 685; 733","350; 415; 483; 516; 559; 603; 637",1,0.262318667592183,107,0.515353656176327,0.741935483870968,0.714285714285714,0.348226447992154,1,0.25,0.643219467381116,811.758239746094,0,0,27.4556143644028,"0",-1.01117324641814,"/Users/medjlha/Box Sync/Postdoc_UCB/packages/adductomicsR after specSimPep B4 git/inst/extdata/spectrumGroups_ALVLIAFAQYLQQCPFEDHVK//spectrumGroup_107_1_M811.758RT27.46.png","","M811.7582_RT27.46_n1"
811.759582519531,811.759582519531,NA,28.0701666666667,28.0689851128188,811.7593558149,-1.007144926107,3,"data01_2.mzXML","/Users/medjlha/Box Sync/Postdoc_UCB/packages/adductomicsR after specSimPep B4 git/inst/extdata/data01_2_adductID/ALVLIAFAQYLQQCPFEDHVK/data01_2.mzXML scan 5176 M811.7596_RT28.07 dp 0.98 varPeakDet 8.png","ALVLIAFAQYLQQCPFEDHVK",5175,5176,370037.65625,0.983869179984958,36.19,"42.1; 35.71; 24.89; 25.44; 9.13; 162.07; 5.79; 16.26; 4.35",137.21,"21.71; 6.45; 35.38; 162.07; 247.74; 184.55; 223.64; 216.11",18,8,"","[y12]2+; [y13]2+; [y14]2+; [y15]2+; [y16]2+; [y17]2+; [y18]2+; [y19]2+","19; 75; 144; 183; 284; 391; 501; 547; 636","304; 332; 350; 391; 421; 459; 488; 519",1,0.453449567020963,107,0.890851171214128,0.838709677419355,1,0.944804664087615,1,0.25,0.844033527529437,811.759582519531,0,0,28.0689851128188,"0",-1.007144926107,"/Users/medjlha/Box Sync/Postdoc_UCB/packages/adductomicsR after specSimPep B4 git/inst/extdata/spectrumGroups_ALVLIAFAQYLQQCPFEDHVK//spectrumGroup_107_2_M811.76RT28.07.png","","M811.7596_RT28.07_n1"
821.758605957031,821.758605957031,NA,27.5563333333333,27.5571787051246,811.7593558149,28.989925386393,3,"data01_1.mzXML","/Users/medjlha/Box Sync/Postdoc_UCB/packages/adductomicsR after specSimPep B4 git/inst/extdata/data01_1_adductID/ALVLIAFAQYLQQCPFEDHVK/data01_1.mzXML scan 5625 M821.7586_RT27.56 dp 0.94 varPeakDet 7.png","ALVLIAFAQYLQQCPFEDHVK",5620,5625,141990.15625,0.940837476059093,7.17,"4; 8.58; 8.39; 7.23; 7.38; 3.51; 3.28; 15.02",5.53,"5.29; 3.38; 3.34; 7.71; 7.87; 7.39; 3.73",16,7,"","[y12]2+; [y14]2+; [y15]2+; [y16]2+; [y17]2+; [y18]2+; [y19]2+","16; 65; 128; 184; 630; 716; 763; 803","343; 414; 485; 519; 574; 630; 668",0.82118886737057,0.0682564347439496,108,0.134097216662988,0.741935483870968,0.714285714285714,0.0691984961586661,1,0.25,0.524506179201143,821.758605957031,0,0,27.5571787051246,"0",28.989925386393,"/Users/medjlha/Box Sync/Postdoc_UCB/packages/adductomicsR after specSimPep B4 git/inst/extdata/spectrumGroups_ALVLIAFAQYLQQCPFEDHVK//spectrumGroup_108_1_M821.759RT27.56.png","","M821.7586_RT27.56_n1"
830.078308105469,830.078308105469,NA,27.6363333333333,27.637226926742,811.7593558149,53.9490318317069,3,"data01_1.mzXML","/Users/medjlha/Box Sync/Postdoc_UCB/packages/adductomicsR after specSimPep B4 git/inst/extdata/data01_1_adductID/ALVLIAFAQYLQQCPFEDHVK/data01_1.mzXML scan 5640 M830.0783_RT27.64 dp 0.91 varPeakDet 8.png","ALVLIAFAQYLQQCPFEDHVK",5639,5640,220650.015625,0.906118087919408,5.4,"7.45; 3.41; 4.36; 10.52; 3.5; 3.14",8.96,"7.37; 5.57; 17.51; 9.14; 5.2",12,5,"","[y14]2+; [y15]2+; [y16]2+; [y17]2+; [y19]2+","17; 72; 151; 203; 752; 824","460; 531; 565; 623; 712",0.350101286258309,0.0546180205076315,110,0.107303063179177,0.548387096774194,0.428571428571429,0.0782433389636572,3,0.75,0.452674900238025,830.078979492188,1.47,-0.81,27.6561516979676,"0.04",53.9510459918629,"/Users/medjlha/Box Sync/Postdoc_UCB/packages/adductomicsR after specSimPep B4 git/inst/extdata/spectrumGroups_ALVLIAFAQYLQQCPFEDHVK//spectrumGroup_110_1_M830.079RT27.66.png","","M830.079_RT27.66_n3"
830.0791015625,830.0791015625,NA,27.6511666666667,27.6502063768827,811.7593558149,53.9514122027999,3,"data01_2.mzXML","/Users/medjlha/Box Sync/Postdoc_UCB/packages/adductomicsR after specSimPep B4 git/inst/extdata/data01_2_adductID/ALVLIAFAQYLQQCPFEDHVK/data01_2.mzXML scan 5108 M830.0791_RT27.65 dp 0.97 varPeakDet 6.png","ALVLIAFAQYLQQCPFEDHVK",5103,5108,51130.38671875,0.969496450868114,5.16,"4.65; 8.19; 4.47; 3.32",10.27,"3.68; 9.64; 11.42; 16.66; 11.79; 8.45",8,6,"","[y14]2+; [y15]2+; [y16]2+; [y17]2+; [y18]2+; [y19]2+","14; 45; 138; 363","330; 384; 413; 458; 498; 530",1,0.0948573878647547,110,0.186357692725998,0.451612903225806,0.714285714285714,0.0840734484825369,3,0.75,0.593689458512596,830.078979492188,1.47,0.15,27.6561516979676,"0.04",53.9510459918629,"/Users/medjlha/Box Sync/Postdoc_UCB/packages/adductomicsR after specSimPep B4 git/inst/extdata/spectrumGroups_ALVLIAFAQYLQQCPFEDHVK//spectrumGroup_110_1_M830.079RT27.66.png","","M830.079_RT27.66_n3"
830.079528808594,830.079528808594,NA,27.682,27.6810217902781,811.7593558149,53.9526939410819,3,"data01_2.mzXML","/Users/medjlha/Box Sync/Postdoc_UCB/packages/adductomicsR after specSimPep B4 git/inst/extdata/data01_2_adductID/ALVLIAFAQYLQQCPFEDHVK/data01_2.mzXML scan 5113 M830.0795_RT27.68 dp 0.95 varPeakDet 7.png","ALVLIAFAQYLQQCPFEDHVK",5110,5113,39110.75,0.954203723646042,4.07,"4.7; 3.83; 3.26; 4.71; 3.83",9.63,"4.49; 4.75; 13.78; 15.97; 11.22; 7.58",10,6,"","[y12]2+; [y15]2+; [y16]2+; [y17]2+; [y18]2+; [y19]2+","7; 71; 200; 246; 512","235; 350; 382; 425; 460; 490",0.63530814726678,0.087693685528092,110,0.172283817523576,0.516129032258065,0.571428571428571,0.0746471966436005,3,0.75,0.524857212680948,830.078979492188,1.47,0.66,27.6561516979676,"0.04",53.9510459918629,"/Users/medjlha/Box Sync/Postdoc_UCB/packages/adductomicsR after specSimPep B4 git/inst/extdata/spectrumGroups_ALVLIAFAQYLQQCPFEDHVK//spectrumGroup_110_1_M830.079RT27.66.png","","M830.079_RT27.66_n3"
832.425354003906,832.425354003906,NA,27.6798333333333,27.6807522781581,811.7593558149,60.990169527018,3,"data01_1.mzXML","/Users/medjlha/Box Sync/Postdoc_UCB/packages/adductomicsR after specSimPep B4 git/inst/extdata/data01_1_adductID/ALVLIAFAQYLQQCPFEDHVK/data01_1.mzXML scan 5648 M832.4254_RT27.68 dp 0.94 varPeakDet 7.png","ALVLIAFAQYLQQCPFEDHVK",5645,5648,170794.875,0.944173322056047,9.4,"11.2; 19.72; 11.7; 12.57; 9.78; 7.65; 4; 7.97; 3.32; 6.12",23.24,"3.51; 21.32; 27.12; 49.95; 21.71; 22.83; 16.24",20,7,"","[y13]2+; [y14]2+; [y15]2+; [y16]2+; [y17]2+; [y18]2+; [y19]2+","24; 70; 129; 179; 297; 363; 452; 678; 731; 770","388; 419; 480; 514; 565; 614; 647",1,0.227398333349614,111,0.446748847788136,0.870967741935484,0.857142857142857,0.177845583828257,1,0.25,0.649554050392969,832.425354003906,0,0,27.6807522781581,"0",60.990169527018,"/Users/medjlha/Box Sync/Postdoc_UCB/packages/adductomicsR after specSimPep B4 git/inst/extdata/spectrumGroups_ALVLIAFAQYLQQCPFEDHVK//spectrumGroup_111_1_M832.425RT27.68.png","","M832.4254_RT27.68_n1"
857.441650390625,857.441650390625,NA,27.9286666666667,27.9297201585937,811.7593558149,136.039058687175,3,"data01_1.mzXML","/Users/medjlha/Box Sync/Postdoc_UCB/packages/adductomicsR after specSimPep B4 git/inst/extdata/data01_1_adductID/ALVLIAFAQYLQQCPFEDHVK/data01_1.mzXML scan 5690 M857.4417_RT27.93 dp 0.98 varPeakDet 8.png","ALVLIAFAQYLQQCPFEDHVK",5689,5690,206190.375,0.984569295573108,16.81,"14.07; 17.03; 15.98; 17.25; 6.2; 8.08; 57.98; 5.61; 9.11",34.32,"7.61; 6.26; 18.39; 31.21; 68.01; 55.79; 41.36; 45.95",18,8,"","[y12]2+; [y13]2+; [y14]2+; [y15]2+; [y16]2+; [y17]2+; [y18]2+; [y19]2+","4; 41; 83; 114; 207; 262; 483; 555; 594","284; 318; 348; 409; 441; 483; 518; 548",1,0.307014798010747,114,0.603164083240372,0.838709677419355,1,0.278592055794693,3,0.75,0.779290730289647,857.441935221354,0.71,-0.33,28.0071264924179,"0.14",136.039913179363,"/Users/medjlha/Box Sync/Postdoc_UCB/packages/adductomicsR after specSimPep B4 git/inst/extdata/spectrumGroups_ALVLIAFAQYLQQCPFEDHVK//spectrumGroup_114_1_M857.442RT28.01.png","","M857.4419_RT28.01_n3"
857.44189453125,857.44189453125,NA,28.0206666666667,28.019509054085,811.7593558149,136.03979110905,3,"data01_2.mzXML","/Users/medjlha/Box Sync/Postdoc_UCB/packages/adductomicsR after specSimPep B4 git/inst/extdata/data01_2_adductID/ALVLIAFAQYLQQCPFEDHVK/data01_2.mzXML scan 5168 M857.4419_RT28.02 dp 0.98 varPeakDet 8.png","ALVLIAFAQYLQQCPFEDHVK",5167,5168,156500.515625,0.98074377519997,20.64,"9.26; 12.73; 13.99; 25.38; 3.48; 8.53; 86.2; 5.58",48.65,"9.99; 4.93; 14.15; 60.33; 96.5; 85.59; 49.27; 68.4",16,8,"","[y12]2+; [y13]2+; [y14]2+; [y15]2+; [y16]2+; [y17]2+; [y18]2+; [y19]2+","10; 46; 109; 159; 261; 316; 555; 631","337; 379; 408; 476; 511; 555; 599; 624",1,0.316281956837782,114,0.621370428323307,0.774193548387097,1,0.377540456601101,3,0.75,0.786264029787353,857.441935221354,0.71,-0.05,28.0071264924179,"0.14",136.039913179363,"/Users/medjlha/Box Sync/Postdoc_UCB/packages/adductomicsR after specSimPep B4 git/inst/extdata/spectrumGroups_ALVLIAFAQYLQQCPFEDHVK//spectrumGroup_114_1_M857.442RT28.01.png","","M857.4419_RT28.01_n3"
857.442260742188,857.442260742188,NA,28.0733333333333,28.072150264575,811.7593558149,136.040889741864,3,"data01_2.mzXML","/Users/medjlha/Box Sync/Postdoc_UCB/packages/adductomicsR after specSimPep B4 git/inst/extdata/data01_2_adductID/ALVLIAFAQYLQQCPFEDHVK/data01_2.mzXML scan 5177 M857.4423_RT28.07 dp 0.99 varPeakDet 8.png","ALVLIAFAQYLQQCPFEDHVK",5175,5177,103600.390625,0.990187193197528,18.51,"15.12; 14.38; 16.09; 12.74; 3.79; 4.52; 77.04; 4.43",38.45,"5.46; 6.25; 14.33; 42.09; 80.19; 75.97; 42.12; 41.18",16,8,"","[y12]2+; [y13]2+; [y14]2+; [y15]2+; [y16]2+; [y17]2+; [y18]2+; [y19]2+","12; 45; 100; 127; 223; 276; 474; 534","297; 324; 351; 411; 438; 474; 504; 529",1,0.294821133820836,114,0.579208298926056,0.774193548387097,1,0.31035797962186,3,0.75,0.771992431447506,857.441935221354,0.71,0.38,28.0071264924179,"0.14",136.039913179363,"/Users/medjlha/Box Sync/Postdoc_UCB/packages/adductomicsR after specSimPep B4 git/inst/extdata/spectrumGroups_ALVLIAFAQYLQQCPFEDHVK//spectrumGroup_114_1_M857.442RT28.01.png","","M857.4419_RT28.01_n3"
839.061950683594,839.061950683594,NA,29.5845,29.5862399167891,811.7593558149,80.8999595660819,3,"data01_1.mzXML","/Users/medjlha/Box Sync/Postdoc_UCB/packages/adductomicsR after specSimPep B4 git/inst/extdata/data01_1_adductID/ALVLIAFAQYLQQCPFEDHVK/data01_1.mzXML scan 5931 M839.062_RT29.58 dp 0.9 varPeakDet 5.png","ALVLIAFAQYLQQCPFEDHVK",5929,5931,6431.77734375,0.901530856988152,3.9,"3.84; 3.32; 5.2; 3.25",4.87,"4.11; 4.86; 5.97; 4.53",8,4,"","[y14]2+; [y15]2+; [y16]2+; [y17]2+","160; 263; 627; 985","805; 873; 906; 963",1,0.0329032182791857,117,0.0646419638975453,0.387096774193548,0.428571428571429,0.0477851032528742,1,0.25,0.43994658955765,839.061950683594,0,0,29.5862399167891,"0",80.8999595660819,"/Users/medjlha/Box Sync/Postdoc_UCB/packages/adductomicsR after specSimPep B4 git/inst/extdata/spectrumGroups_ALVLIAFAQYLQQCPFEDHVK//spectrumGroup_117_1_M839.062RT29.59.png","","M839.062_RT29.59_n1"
841.400207519531,841.400207519531,NA,20.0675,20.0639422227973,811.7593558149,87.914730073893,3,"data01_2.mzXML","/Users/medjlha/Box Sync/Postdoc_UCB/packages/adductomicsR after specSimPep B4 git/inst/extdata/data01_2_adductID/ALVLIAFAQYLQQCPFEDHVK/data01_2.mzXML scan 3509 M841.4002_RT20.07 dp 0.8 varPeakDet 5.png","ALVLIAFAQYLQQCPFEDHVK",3504,3509,344651.40625,0.800982738744797,4.33,"3.6; 7.2; 3.11; 4.02; 4.93; 3.11",9.92,"3.73; 6.83; 26.02; 3.1",12,4,"","[y14]2+; [y15]2+; [y16]2+; [y17]2+","28; 502; 769; 880; 984; 1064","551; 626; 665; 724",0.889622353497989,0.0425731231490362,130,0.083639547543793,0.516129032258065,0.428571428571429,0.0776439819103144,1,0.25,0.435227011789484,841.400207519531,0,0,20.0639422227973,"0",87.914730073893,"/Users/medjlha/Box Sync/Postdoc_UCB/packages/adductomicsR after specSimPep B4 git/inst/extdata/spectrumGroups_ALVLIAFAQYLQQCPFEDHVK//spectrumGroup_130_1_M841.4RT20.06.png","","M841.4002_RT20.06_n1"
905.125610351563,905.125610351563,NA,20.0346666666667,20.0310928694033,811.7593558149,279.090938569989,3,"data01_2.mzXML","/Users/medjlha/Box Sync/Postdoc_UCB/packages/adductomicsR after specSimPep B4 git/inst/extdata/data01_2_adductID/ALVLIAFAQYLQQCPFEDHVK/data01_2.mzXML scan 3502 M905.1256_RT20.03 dp 0.84 varPeakDet 4.png","ALVLIAFAQYLQQCPFEDHVK",3488,3502,243197.96875,0.83595120406006,3.85,"4.07; 3.83; 3.3; 4.21",8.98,"3.34; 16.47; 6.61; 9.52",8,4,"","[y15]2+; [y16]2+; [y17]2+; [y19]2+","8; 76; 359; 972","359; 392; 447; 516",0.987757180926901,0.0361284121059742,131,0.0709782092199591,0.387096774193548,0.285714285714286,0.0699068272217076,1,0.25,0.412486354476637,905.125610351563,0,0,20.0310928694033,"0",279.090938569989,"/Users/medjlha/Box Sync/Postdoc_UCB/packages/adductomicsR after specSimPep B4 git/inst/extdata/spectrumGroups_ALVLIAFAQYLQQCPFEDHVK//spectrumGroup_131_1_M905.126RT20.03.png","","M905.1256_RT20.03_n1"
886.4306640625,886.4306640625,NA,21.0606666666667,21.0576480059887,811.7593558149,223.0060997028,3,"data01_2.mzXML","/Users/medjlha/Box Sync/Postdoc_UCB/packages/adductomicsR after specSimPep B4 git/inst/extdata/data01_2_adductID/ALVLIAFAQYLQQCPFEDHVK/data01_2.mzXML scan 3752 M886.4307_RT21.06 dp 0.87 varPeakDet 6.png","ALVLIAFAQYLQQCPFEDHVK",3744,3752,255137.453125,0.870644734377627,5.13,"7.73; 3.35; 4.3",6.34,"4.86; 5.58; 6.32; 9.99; 4.93",6,5,"","[y12]2+; [y16]2+; [y17]2+; [y18]2+; [y19]2+","26; 485; 999","493; 684; 740; 800; 847",0.857482204482036,0.0425319224849259,136,0.0835586043418431,0.354838709677419,0.428571428571429,0.0624965945621969,1,0.25,0.41537032514465,886.4306640625,0,0,21.0576480059887,"0",223.0060997028,"/Users/medjlha/Box Sync/Postdoc_UCB/packages/adductomicsR after specSimPep B4 git/inst/extdata/spectrumGroups_ALVLIAFAQYLQQCPFEDHVK//spectrumGroup_136_1_M886.431RT21.06.png","","M886.4307_RT21.06_n1"
909.777221679688,909.777221679688,NA,21.1223333333333,21.1193528482178,811.7593558149,293.045772554364,3,"data01_2.mzXML","/Users/medjlha/Box Sync/Postdoc_UCB/packages/adductomicsR after specSimPep B4 git/inst/extdata/data01_2_adductID/ALVLIAFAQYLQQCPFEDHVK/data01_2.mzXML scan 3766 M909.7772_RT21.12 dp 0.81 varPeakDet 6.png","ALVLIAFAQYLQQCPFEDHVK",3760,3766,232084.9375,0.809891635018179,4.95,"3.22; 5.97; 4.79; 5.73; 5.06",21.36,"3.14; 3.19; 47.52; 31.59",10,4,"","[y14]2+; [y15]2+; [y16]2+; [y17]2+","106; 205; 280; 1118; 1182","804; 881; 917; 976",0.948578672819358,0.0612930145398714,138,0.120416817572051,0.451612903225806,0.428571428571429,0.143355309758623,1,0.25,0.450346680995064,909.777221679688,0,0,21.1193528482178,"0",293.045772554364,"/Users/medjlha/Box Sync/Postdoc_UCB/packages/adductomicsR after specSimPep B4 git/inst/extdata/spectrumGroups_ALVLIAFAQYLQQCPFEDHVK//spectrumGroup_138_1_M909.777RT21.12.png","","M909.7772_RT21.12_n1"
983.441040039063,983.441040039063,NA,22.2441666666667,22.2420037897928,811.7593558149,514.037227632489,3,"data01_2.mzXML","/Users/medjlha/Box Sync/Postdoc_UCB/packages/adductomicsR after specSimPep B4 git/inst/extdata/data01_2_adductID/ALVLIAFAQYLQQCPFEDHVK/data01_2.mzXML scan 4036 M983.441_RT22.24 dp 0.82 varPeakDet 6.png","ALVLIAFAQYLQQCPFEDHVK",4023,4036,216907.921875,0.823956771682317,5.56,"4.28; 7.55; 4.29; 6.11",13.93,"4.17; 8.65; 33.57; 9.33",8,4,"","[y14]2+; [y15]2+; [y16]2+; [y17]2+","145; 232; 400; 588","634; 704; 733; 776",1,0.0721028333867942,148,0.14165388665486,0.387096774193548,0.428571428571429,0.10619517245137,1,0.25,0.448210576221932,983.441040039063,0,0,22.2420037897928,"0",514.037227632489,"/Users/medjlha/Box Sync/Postdoc_UCB/packages/adductomicsR after specSimPep B4 git/inst/extdata/spectrumGroups_ALVLIAFAQYLQQCPFEDHVK//spectrumGroup_148_1_M983.441RT22.24.png","","M983.441_RT22.24_n1"
999.501159667969,999.501159667969,NA,22.9253333333333,22.9237873372723,811.7593558149,562.217586519207,3,"data01_2.mzXML","/Users/medjlha/Box Sync/Postdoc_UCB/packages/adductomicsR after specSimPep B4 git/inst/extdata/data01_2_adductID/ALVLIAFAQYLQQCPFEDHVK/data01_2.mzXML scan 4187 M999.5012_RT22.93 dp 0.84 varPeakDet 5.png","ALVLIAFAQYLQQCPFEDHVK",4186,4187,2395904.25,0.837290434369985,6.02,"5.94; 4.99; 6.85; 5.54; 4.02; 8.79",19.67,"8.87; 34.44; 21.13; 6.78; 27.11",12,5,"","[y14]2+; [y16]2+; [y17]2+; [y18]2+; [y19]2+","1; 75; 374; 834; 1056; 1259","786; 891; 942; 990; 1030",0.669146643888287,0.0453150909690535,151,0.0890264426288223,0.548387096774194,0.428571428571429,0.139977115457963,1,0.25,0.423199880241526,999.501159667969,0,0,22.9237873372723,"0",562.217586519207,"/Users/medjlha/Box Sync/Postdoc_UCB/packages/adductomicsR after specSimPep B4 git/inst/extdata/spectrumGroups_ALVLIAFAQYLQQCPFEDHVK//spectrumGroup_151_1_M999.501RT22.92.png","","M999.5012_RT22.92_n1"
806.062072753906,806.062072753906,NA,23.8891666666667,23.8886620769416,811.7593558149,-18.099674222982,3,"data01_2.mzXML","/Users/medjlha/Box Sync/Postdoc_UCB/packages/adductomicsR after specSimPep B4 git/inst/extdata/data01_2_adductID/ALVLIAFAQYLQQCPFEDHVK/data01_2.mzXML scan 4411 M806.0621_RT23.89 dp 0.88 varPeakDet 5.png","ALVLIAFAQYLQQCPFEDHVK",4407,4411,848256.4375,0.876857030945629,8.14,"4.19; 11.99; 7.02; 9.38",16.26,"5.4; 12.67; 16.58; 30.38",8,4,"","[y12]2+; [y15]2+; [y16]2+; [y17]2+","35; 236; 372; 550","519; 698; 735; 791",0.841572107061617,0.0768232402388783,155,0.150927641177139,0.387096774193548,0.285714285714286,0.132948291832398,1,0.25,0.417873732989231,806.062072753906,0,0,23.8886620769416,"0",-18.099674222982,"/Users/medjlha/Box Sync/Postdoc_UCB/packages/adductomicsR after specSimPep B4 git/inst/extdata/spectrumGroups_ALVLIAFAQYLQQCPFEDHVK//spectrumGroup_155_1_M806.062RT23.89.png","","M806.0621_RT23.89_n1"
844.086059570313,844.086059570313,NA,25.6125,25.6131270132966,811.7593558149,95.9722862262388,3,"data01_2.mzXML","/Users/medjlha/Box Sync/Postdoc_UCB/packages/adductomicsR after specSimPep B4 git/inst/extdata/data01_2_adductID/ALVLIAFAQYLQQCPFEDHVK/data01_2.mzXML scan 4748 M844.0861_RT25.61 dp 0.9 varPeakDet 5.png","ALVLIAFAQYLQQCPFEDHVK",4743,4748,172619.03125,0.898794689679641,6.99,"9.74; 4.34; 6.9",4.97,"3.39; 5.6; 3.99; 3.21; 8.66",6,5,"","[y15]2+; [y16]2+; [y17]2+; [y18]2+; [y19]2+","374; 465; 619","404; 437; 489; 548; 589",0.858824434717642,0.0573033179957896,160,0.112578623211354,0.354838709677419,0.571428571428571,0.0651664577998148,1,0.25,0.444518783787778,844.086059570313,0,0,25.6131270132966,"0",95.9722862262388,"/Users/medjlha/Box Sync/Postdoc_UCB/packages/adductomicsR after specSimPep B4 git/inst/extdata/spectrumGroups_ALVLIAFAQYLQQCPFEDHVK//spectrumGroup_160_1_M844.086RT25.61.png","","M844.0861_RT25.61_n1"
870.435363769531,870.435363769531,NA,25.9131666666667,25.9135461472416,811.7593558149,175.020198823893,3,"data01_2.mzXML","/Users/medjlha/Box Sync/Postdoc_UCB/packages/adductomicsR after specSimPep B4 git/inst/extdata/data01_2_adductID/ALVLIAFAQYLQQCPFEDHVK/data01_2.mzXML scan 4798 M870.4354_RT25.91 dp 0.99 varPeakDet 7.png","ALVLIAFAQYLQQCPFEDHVK",4796,4798,178290.5625,0.993172490813175,9.46,"12.89; 22.34; 8.04; 14.32; 5.96; 7.84; 4.4; 5.23; 4.12",33.26,"9.52; 13.22; 36.46; 52.06; 43.68; 44.43; 33.47",18,7,"","[y13]2+; [y14]2+; [y15]2+; [y16]2+; [y17]2+; [y18]2+; [y19]2+","14; 69; 140; 190; 321; 388; 747; 863; 973","469; 504; 579; 612; 663; 713; 752",1,0.21029477103218,161,0.413147032656806,0.806451612903226,0.857142857142857,0.232768484716395,1,0.25,0.650383211176066,870.435363769531,0,0,25.9135461472416,"0",175.020198823893,"/Users/medjlha/Box Sync/Postdoc_UCB/packages/adductomicsR after specSimPep B4 git/inst/extdata/spectrumGroups_ALVLIAFAQYLQQCPFEDHVK//spectrumGroup_161_1_M870.435RT25.91.png","","M870.4354_RT25.91_n1"
860.769836425781,860.769836425781,NA,26.1101666666667,26.1103795318424,811.7593558149,146.023616792643,3,"data01_2.mzXML","/Users/medjlha/Box Sync/Postdoc_UCB/packages/adductomicsR after specSimPep B4 git/inst/extdata/data01_2_adductID/ALVLIAFAQYLQQCPFEDHVK/data01_2.mzXML scan 4832 M860.7698_RT26.11 dp 0.86 varPeakDet 3.png","ALVLIAFAQYLQQCPFEDHVK",4829,4832,234543.109375,0.860059207367016,6.38,"11.95; 6; 5.75; 4.42; 6.69; 3.49",5.06,"4.56; 5.55",12,2,"","[y15]2+; [y16]2+","328; 396; 498; 663; 766; 849","500; 538",1,0.0494703238909428,163,0.0971898512730331,0.451612903225806,0.142857142857143,0.0623331335476489,1,0.25,0.40915031975295,860.769836425781,0,0,26.1103795318424,"0",146.023616792643,"/Users/medjlha/Box Sync/Postdoc_UCB/packages/adductomicsR after specSimPep B4 git/inst/extdata/spectrumGroups_ALVLIAFAQYLQQCPFEDHVK//spectrumGroup_163_1_M860.77RT26.11.png","","M860.7698_RT26.11_n1"
927.761291503906,927.761291503906,NA,26.269,26.2691242143212,811.7593558149,346.997982027018,3,"data01_2.mzXML","/Users/medjlha/Box Sync/Postdoc_UCB/packages/adductomicsR after specSimPep B4 git/inst/extdata/data01_2_adductID/ALVLIAFAQYLQQCPFEDHVK/data01_2.mzXML scan 4860 M927.7613_RT26.27 dp 0.95 varPeakDet 5.png","ALVLIAFAQYLQQCPFEDHVK",4851,4860,35494.046875,0.954446308686186,7.73,"3.01; 5.52; 8.98; 16.35; 9.17; 3.33",5.22,"3.24; 7.97; 6.25; 3.41",12,4,"","[y15]2+; [y16]2+; [y17]2+; [y18]2+","37; 119; 194; 240; 312; 507","302; 311; 331; 359",1,0.0863447303372467,164,0.169633647804428,0.516129032258065,0.428571428571429,0.0705606712798997,1,0.25,0.484191584085715,927.761291503906,0,0,26.2691242143212,"0",346.997982027018,"/Users/medjlha/Box Sync/Postdoc_UCB/packages/adductomicsR after specSimPep B4 git/inst/extdata/spectrumGroups_ALVLIAFAQYLQQCPFEDHVK//spectrumGroup_164_1_M927.761RT26.27.png","","M927.7613_RT26.27_n1"
987.486877441406,987.486877441406,NA,26.3095,26.3095908011832,811.7593558149,526.174739839518,3,"data01_2.mzXML","/Users/medjlha/Box Sync/Postdoc_UCB/packages/adductomicsR after specSimPep B4 git/inst/extdata/data01_2_adductID/ALVLIAFAQYLQQCPFEDHVK/data01_2.mzXML scan 4869 M987.4869_RT26.31 dp 0.85 varPeakDet 6.png","ALVLIAFAQYLQQCPFEDHVK",4862,4869,69993.21875,0.849595062145216,3.94,"3.03; 5.02; 3.99; 3.14; 4.52",9.4,"6.29; 5.09; 19.09; 4.66; 11.88",10,5,"","[y14]2+; [y15]2+; [y16]2+; [y17]2+; [y19]2+","66; 339; 413; 474; 513","276; 297; 317; 357; 423",0.562814341521001,0.0826493271267404,165,0.162373624821462,0.483870967741935,0.428571428571429,0.0726856644690241,1,0.25,0.401415869895724,987.486877441406,0,0,26.3095908011832,"0",526.174739839518,"/Users/medjlha/Box Sync/Postdoc_UCB/packages/adductomicsR after specSimPep B4 git/inst/extdata/spectrumGroups_ALVLIAFAQYLQQCPFEDHVK//spectrumGroup_165_1_M987.487RT26.31.png","","M987.4869_RT26.31_n1"
894.774353027344,894.774353027344,NA,26.4341666666667,26.4341529771859,811.7593558149,248.037166597332,3,"data01_2.mzXML","/Users/medjlha/Box Sync/Postdoc_UCB/packages/adductomicsR after specSimPep B4 git/inst/extdata/data01_2_adductID/ALVLIAFAQYLQQCPFEDHVK/data01_2.mzXML scan 4898 M894.7744_RT26.43 dp 0.84 varPeakDet 4.png","ALVLIAFAQYLQQCPFEDHVK",4894,4898,79075.984375,0.835171460950221,4.78,"3.36; 5.07; 11.38; 4.02; 3.23; 3.24; 3.16",6.82,"4.43; 5.91; 13.61; 3.34",14,4,"","[y12]2+; [y15]2+; [y16]2+; [y17]2+","50; 103; 149; 311; 652; 729; 920","326; 465; 501; 551",0.827745914329089,0.0541295721159202,166,0.106343452996522,0.580645161290323,0.285714285714286,0.0632049256252384,1,0.25,0.421260742986526,894.774353027344,0,0,26.4341529771859,"0",248.037166597332,"/Users/medjlha/Box Sync/Postdoc_UCB/packages/adductomicsR after specSimPep B4 git/inst/extdata/spectrumGroups_ALVLIAFAQYLQQCPFEDHVK//spectrumGroup_166_1_M894.774RT26.43.png","","M894.7744_RT26.43_n1"
918.120422363281,918.120422363281,NA,26.6885,26.6882649483268,811.7593558149,318.075374605143,3,"data01_2.mzXML","/Users/medjlha/Box Sync/Postdoc_UCB/packages/adductomicsR after specSimPep B4 git/inst/extdata/data01_2_adductID/ALVLIAFAQYLQQCPFEDHVK/data01_2.mzXML scan 4939 M918.1204_RT26.69 dp 0.94 varPeakDet 7.png","ALVLIAFAQYLQQCPFEDHVK",4938,4939,237681.28125,0.940835216265413,9.78,"11.5; 20.62; 14.7; 14.88; 3.13; 4.55; 5.84; 3.05",35.52,"8.47; 28.46; 45.51; 101.06; 33.78; 22.03; 9.33",16,7,"","[y13]2+; [y14]2+; [y15]2+; [y16]2+; [y17]2+; [y18]2+; [y19]2+","1; 30; 66; 97; 160; 195; 349; 416","276; 299; 344; 370; 404; 429; 440",1,0.282634703947199,167,0.55526672721573,0.741935483870968,0.857142857142857,0.246826131967526,1,0.25,0.656000916637499,918.120422363281,0,0,26.6882649483268,"0",318.075374605143,"/Users/medjlha/Box Sync/Postdoc_UCB/packages/adductomicsR after specSimPep B4 git/inst/extdata/spectrumGroups_ALVLIAFAQYLQQCPFEDHVK//spectrumGroup_167_1_M918.12RT26.69.png","","M918.1204_RT26.69_n1"
845.110473632813,845.110473632813,NA,27.457,27.4561598203293,811.7593558149,99.0455284137388,3,"data01_2.mzXML","/Users/medjlha/Box Sync/Postdoc_UCB/packages/adductomicsR after specSimPep B4 git/inst/extdata/data01_2_adductID/ALVLIAFAQYLQQCPFEDHVK/data01_2.mzXML scan 5073 M845.1105_RT27.46 dp 0.96 varPeakDet 8.png","ALVLIAFAQYLQQCPFEDHVK",5071,5073,53128.265625,0.963726610784529,5.9,"3.29; 5.84; 9.71; 13.97; 3.04; 5.41; 5.54; 3.08; 4.44; 4.01; 6.52",18.74,"5.37; 5.92; 11.74; 30.02; 40.13; 16.98; 24.1; 15.64",22,8,"","[y12]2+; [y13]2+; [y14]2+; [y15]2+; [y16]2+; [y17]2+; [y18]2+; [y19]2+","8; 41; 92; 130; 228; 284; 362; 493; 556; 639; 657","286; 314; 341; 401; 434; 477; 515; 543",1,0.205975586722964,169,0.404661523615892,0.967741935483871,1,0.134255979948782,1,0.25,0.674340864261868,845.110473632813,0,0,27.4561598203293,"0",99.0455284137388,"/Users/medjlha/Box Sync/Postdoc_UCB/packages/adductomicsR after specSimPep B4 git/inst/extdata/spectrumGroups_ALVLIAFAQYLQQCPFEDHVK//spectrumGroup_169_1_M845.11RT27.46.png","","M845.1105_RT27.46_n1"
821.42626953125,821.42626953125,NA,27.5131666666667,27.5122903973516,811.7593558149,27.9929161090499,3,"data01_2.mzXML","/Users/medjlha/Box Sync/Postdoc_UCB/packages/adductomicsR after specSimPep B4 git/inst/extdata/data01_2_adductID/ALVLIAFAQYLQQCPFEDHVK/data01_2.mzXML scan 5083 M821.4263_RT27.51 dp 0.97 varPeakDet 8.png","ALVLIAFAQYLQQCPFEDHVK",5080,5083,48486.6796875,0.971254422479381,10.74,"7.62; 11.56; 9.81; 19.06; 7.34; 5.26; 17.94; 7.32",20.63,"5.95; 10.78; 35.26; 34.97; 27.41; 17.9; 12.14",16,7,"","[y12]2+; [y14]2+; [y15]2+; [y16]2+; [y17]2+; [y18]2+; [y19]2+","13; 51; 96; 133; 234; 363; 473; 594","264; 320; 376; 400; 442; 473; 506",1,0.210627940302417,170,0.413801580055656,0.741935483870968,0.714285714285714,0.17092573421239,1,0.25,0.60888613355773,821.42626953125,0,0,27.5122903973516,"0",27.9929161090499,"/Users/medjlha/Box Sync/Postdoc_UCB/packages/adductomicsR after specSimPep B4 git/inst/extdata/spectrumGroups_ALVLIAFAQYLQQCPFEDHVK//spectrumGroup_170_1_M821.426RT27.51.png","","M821.4263_RT27.51_n1"
839.105163574219,839.105163574219,NA,27.5165,27.5156216243725,811.7593558149,81.0295982379569,3,"data01_2.mzXML","/Users/medjlha/Box Sync/Postdoc_UCB/packages/adductomicsR after specSimPep B4 git/inst/extdata/data01_2_adductID/ALVLIAFAQYLQQCPFEDHVK/data01_2.mzXML scan 5084 M839.1052_RT27.52 dp 0.97 varPeakDet 7.png","ALVLIAFAQYLQQCPFEDHVK",5080,5084,63218.17578125,0.974958870485137,4.24,"5.33; 3.2; 3.19; 4.62; 4.88",14.05,"3.35; 3.83; 6.19; 18.16; 27.95; 17.22; 21.64",10,7,"","[y12]2+; [y13]2+; [y14]2+; [y15]2+; [y16]2+; [y17]2+; [y18]2+","17; 57; 293; 365; 481","291; 318; 343; 395; 419; 461; 496",1,0.161144481439343,171,0.316585923696109,0.548387096774194,0.857142857142857,0.0996567318694491,1,0.25,0.578104497138249,839.105163574219,0,0,27.5156216243725,"0",81.0295982379569,"/Users/medjlha/Box Sync/Postdoc_UCB/packages/adductomicsR after specSimPep B4 git/inst/extdata/spectrumGroups_ALVLIAFAQYLQQCPFEDHVK//spectrumGroup_171_1_M839.105RT27.52.png","","M839.1052_RT27.52_n1"
829.44775390625,829.44775390625,NA,27.9553333333333,27.954208111505,811.7593558149,52.0573692340499,3,"data01_2.mzXML","/Users/medjlha/Box Sync/Postdoc_UCB/packages/adductomicsR after specSimPep B4 git/inst/extdata/data01_2_adductID/ALVLIAFAQYLQQCPFEDHVK/data01_2.mzXML scan 5158 M829.4478_RT27.96 dp 0.89 varPeakDet 7.png","ALVLIAFAQYLQQCPFEDHVK",5156,5158,42896.3203125,0.885781459520987,4.49,"6.06; 3.45; 4.45; 3.98",6.65,"3.36; 14.51; 4.59; 4.13",8,4,"","[y15]2+; [y16]2+; [y18]2+; [y19]2+","92; 283; 358; 579","336; 367; 460; 487",1,0.05378215343532,173,0.105660911075603,0.387096774193548,0.285714285714286,0.0606985234021686,1,0.25,0.42499313627237,829.44775390625,0,0,27.954208111505,"0",52.0573692340499,"/Users/medjlha/Box Sync/Postdoc_UCB/packages/adductomicsR after specSimPep B4 git/inst/extdata/spectrumGroups_ALVLIAFAQYLQQCPFEDHVK//spectrumGroup_173_1_M829.448RT27.95.png","","M829.4478_RT27.95_n1"
933.424011230469,933.424011230469,NA,28.0765,28.0753154182869,811.7593558149,363.986141206707,3,"data01_2.mzXML","/Users/medjlha/Box Sync/Postdoc_UCB/packages/adductomicsR after specSimPep B4 git/inst/extdata/data01_2_adductID/ALVLIAFAQYLQQCPFEDHVK/data01_2.mzXML scan 5178 M933.424_RT28.08 dp 0.91 varPeakDet 4.png","ALVLIAFAQYLQQCPFEDHVK",5175,5178,25088.0703125,0.909944057593445,4.36,"3.03; 3.64; 6.41",4.56,"6.32; 5.77; 3.11; 3.04",6,4,"","[y15]2+; [y16]2+; [y17]2+; [y18]2+","87; 177; 342","309; 329; 365; 394",0.837731395252802,0.0643341361958774,174,0.126391433022356,0.32258064516129,0.428571428571429,0.0486024083256143,1,0.25,0.417688766846705,933.424011230469,0,0,28.0753154182869,"0",363.986141206707,"/Users/medjlha/Box Sync/Postdoc_UCB/packages/adductomicsR after specSimPep B4 git/inst/extdata/spectrumGroups_ALVLIAFAQYLQQCPFEDHVK//spectrumGroup_174_1_M933.424RT28.08.png","","M933.424_RT28.08_n1"
816.431396484375,816.431396484375,NA,28.2693333333333,28.2680599786154,811.7593558149,13.0082969684249,3,"data01_2.mzXML","/Users/medjlha/Box Sync/Postdoc_UCB/packages/adductomicsR after specSimPep B4 git/inst/extdata/data01_2_adductID/ALVLIAFAQYLQQCPFEDHVK/data01_2.mzXML scan 5211 M816.4314_RT28.27 dp 0.95 varPeakDet 8.png","ALVLIAFAQYLQQCPFEDHVK",5210,5211,74077.0859375,0.94512822818964,5.83,"6.76; 6.53; 4.52; 7.06; 6.46; 3.62",24.35,"19.55; 20.48; 28.55; 42.74; 22.71; 12.08",12,6,"","[y14]2+; [y15]2+; [y16]2+; [y17]2+; [y18]2+; [y19]2+","7; 22; 47; 62; 109; 238","148; 171; 182; 201; 218; 229",1,0.320316773651155,175,0.629297266378182,0.580645161290323,0.714285714285714,0.164441780635318,1,0.25,0.611971164397025,816.431396484375,0,0,28.2680599786154,"0",13.0082969684249,"/Users/medjlha/Box Sync/Postdoc_UCB/packages/adductomicsR after specSimPep B4 git/inst/extdata/spectrumGroups_ALVLIAFAQYLQQCPFEDHVK//spectrumGroup_175_1_M816.431RT28.27.png","","M816.4314_RT28.27_n1"
